customer_id;first_name;last_name;email;join_date
1;Sylvia;Carr;williamsmichael@example.com;23/09/2021
2;Stephen;Medina;ashley38@example.net;24/05/2023
3;Elizabeth;Johnson;tcole@example.net;03/12/2022
4;Brett;Santiago;tbernard@example.com;10/07/2021
5;Stephanie;Perez;rmitchell@example.net;11/12/2021
6;Donna;Benitez;vlee@example.net;25/04/2021
7;Robin;Flores;wcampbell@example.org;03/01/2021
8;Justin;David;tjones@example.com;26/12/2019
9;Jennifer;Stephens;zimmermanelizabeth@example.com;17/03/2023
10;Stephanie;Chavez;perrytommy@example.net;01/04/2023
11;Benjamin;Clements;orich@example.org;17/01/2023
12;Cody;Boyle;rogerthornton@example.org;19/01/2022
13;Ashley;Jordan;gonzalezlynn@example.org;06/08/2024
14;Taylor;Lawson;tara29@example.net;28/05/2020
15;Jennifer;Mcdonald;njohns@example.net;12/04/2023
16;Abigail;Miller;jacoblowe@example.com;27/03/2021
17;Kenneth;Bell;perezmaria@example.com;02/11/2021
18;George;Beard;laurahayes@example.net;25/03/2021
19;Edward;Oneill;uwebster@example.com;10/10/2021
20;Jason;Arnold;freemanrobert@example.net;15/07/2022
21;Linda;Taylor;arieljames@example.net;02/11/2023
22;Scott;Johnson;matthew63@example.net;20/09/2023
23;Sarah;Barrett;onoble@example.com;25/02/2022
24;Paul;Riddle;rmartin@example.org;17/12/2023
25;Christopher;Parsons;alvaradojamie@example.org;03/02/2021
26;Nicholas;Brooks;jodiwise@example.org;28/08/2021
27;Mackenzie;Parker;elizabeth94@example.com;25/11/2019
28;Yvette;Washington;chandlerthomas@example.org;13/05/2024
29;Stephanie;Oconnell;anthonykim@example.com;14/08/2023
30;Jeffrey;Andrews;kowens@example.org;08/05/2024
31;Stephen;Ortiz;megan62@example.net;11/05/2023
32;Deborah;Henderson;mmoore@example.net;06/08/2020
33;Miranda;Mason;johnsonlaura@example.org;04/03/2022
34;Rodney;Berry;taradiaz@example.net;22/01/2021
35;Robert;Rodriguez;conleydonald@example.org;18/04/2022
36;Paul;Garcia;lisahenry@example.net;20/06/2021
37;David;Perez;morenojaime@example.com;27/02/2020
38;Glenn;Fischer;kelsey22@example.net;15/05/2023
39;Kelly;Brown;lpearson@example.org;05/02/2021
40;Amy;Harper;blackbrian@example.net;21/10/2021
41;Michele;Johns;ballen@example.org;13/09/2022
42;Lori;Diaz;garrett79@example.net;16/03/2023
43;Robert;Strickland;vasquezheather@example.org;18/07/2023
44;Jane;Vasquez;marymartin@example.org;27/12/2022
45;Michael;Mitchell;yhernandez@example.com;30/07/2020
46;Emily;Hill;hortonalison@example.org;01/11/2020
47;William;Brown;jerome07@example.com;22/12/2023
48;Nicholas;Johnson;wtaylor@example.net;26/09/2022
49;Kimberly;Massey;lewismary@example.org;04/03/2023
50;Jennifer;Ortiz;nancywilliams@example.com;11/08/2024
51;William;Mcdaniel;cameronrichard@example.com;11/04/2020
52;Roger;Wilson;george90@example.com;23/07/2024
53;Chelsea;Allen;wcollier@example.net;22/09/2019
54;Matthew;Griffin;kevinwright@example.org;29/06/2023
55;Matthew;Hernandez;morrismelissa@example.org;04/01/2022
56;Tammy;Holmes;hwalton@example.org;14/09/2019
57;Kerri;Knapp;erinperry@example.org;06/10/2020
58;Brittany;Gonzales;eringarcia@example.org;21/08/2022
59;Richard;Doyle;reneewest@example.com;17/12/2023
60;Keith;Baker;amy65@example.com;31/01/2024
61;John;Flowers;jeremy68@example.org;27/08/2023
62;Erin;Evans;cclark@example.com;30/08/2020
63;Steve;Hernandez;elizabeth76@example.com;18/09/2020
64;Alexandra;Fletcher;bchapman@example.com;01/10/2020
65;Christine;Shaw;laura89@example.net;30/08/2023
66;Ryan;Stafford;hughesshannon@example.net;27/09/2020
67;Stephanie;Turner;wburke@example.org;10/06/2021
68;Amy;Coffey;kristin84@example.org;12/10/2019
69;Phillip;Moody;carlostorres@example.com;28/11/2019
70;Eric;Ramirez;harriselizabeth@example.org;20/08/2022
71;Samantha;Hopkins;millerstephanie@example.org;30/06/2020
72;Linda;Taylor;imartinez@example.com;06/12/2023
73;Kelsey;Burke;combsjoel@example.org;15/09/2022
74;Christian;Eaton;christopher58@example.net;10/06/2022
75;Guy;Baldwin;ricejoseph@example.net;03/05/2020
76;Natasha;Johnson;elizabethjordan@example.net;10/06/2022
77;Amy;Rodriguez;davisbrooke@example.com;20/01/2021
78;Dale;Taylor;morenodebra@example.org;23/10/2023
79;David;Jensen;allenkyle@example.com;16/01/2020
80;Daniel;Fuentes;stewartdonald@example.org;30/12/2022
81;Thomas;Browning;jthompson@example.net;08/02/2023
82;Mary;Richardson;mikegarcia@example.net;08/05/2020
83;James;Montoya;heather50@example.com;30/06/2021
84;Stephen;Martinez;scott83@example.net;29/01/2021
85;Hannah;Clark;pacewilliam@example.com;06/09/2021
86;Jennifer;Juarez;joshuastewart@example.net;02/02/2023
87;Victoria;Armstrong;rebecca91@example.com;13/02/2024
88;Walter;Yang;jillmiller@example.com;28/04/2021
89;Robert;Kramer;elizabeth57@example.net;23/09/2023
90;Michael;Martinez;mhensley@example.net;05/09/2022
91;Edward;Garcia;codylittle@example.net;14/10/2019
92;Gabriel;Jones;kristinjacobs@example.net;09/05/2021
93;Kristine;Rogers;kennethsmith@example.com;17/01/2020
94;Kelly;Luna;arielhernandez@example.org;12/02/2024
95;Erica;Wilson;rcastaneda@example.com;06/12/2021
96;Daniel;Owen;waynebutler@example.com;28/04/2021
97;Jennifer;Edwards;buchananwilliam@example.com;16/12/2023
98;Michael;Gonzales;jwells@example.org;07/09/2021
99;David;Sutton;wwoods@example.com;04/09/2020
100;Jeremy;Walters;conniegreene@example.net;28/10/2023
101;Kenneth;Cowan;dennisnguyen@example.org;12/09/2023
102;Kathy;Richardson;watsonbrandon@example.com;30/08/2019
103;Caitlin;Avila;josephguerrero@example.com;15/11/2021
104;Guy;Matthews;ghenry@example.com;05/04/2021
105;Larry;Allen;mccarthypamela@example.net;20/01/2024
106;Jesse;Snyder;rpoole@example.net;08/12/2020
107;Reginald;Herrera;lpham@example.org;18/07/2024
108;Kelly;Williams;aescobar@example.net;24/06/2024
109;Michelle;Hall;justin81@example.org;28/07/2020
110;Alexis;Morgan;osilva@example.net;27/09/2023
111;Andrea;Gonzalez;ojohnson@example.net;02/08/2021
112;Julie;Robinson;arojas@example.net;15/11/2021
113;Joshua;Davis;staceyrodriguez@example.net;10/04/2021
114;Jessica;Wolfe;vmartin@example.com;20/12/2022
115;Antonio;Rodriguez;davisethan@example.com;29/12/2020
116;Derek;Evans;joe97@example.com;17/04/2023
117;William;Brown;suarezemily@example.net;22/01/2020
118;Anthony;Sanchez;jessica13@example.com;15/06/2021
119;Phillip;Sanchez;gboone@example.com;02/06/2021
120;Curtis;Booth;ramosstephanie@example.com;16/11/2021
121;David;Drake;williamferguson@example.net;08/06/2021
122;Anna;Phillips;michaelevans@example.net;29/02/2024
123;Charles;Summers;patriciamoore@example.net;27/04/2022
124;Kevin;Gonzalez;david00@example.org;31/12/2020
125;Patricia;Fisher;amy42@example.net;31/05/2021
126;Rhonda;Bridges;darrellfarmer@example.org;25/12/2023
127;Jennifer;White;wyattjames@example.org;20/05/2023
128;Mary;Nunez;miguelblevins@example.net;30/10/2023
129;Richard;Hall;xsingh@example.com;27/03/2024
130;Isaac;Booker;cynthiaburke@example.com;23/03/2020
131;Jessica;Clark;okemp@example.org;06/05/2023
132;Nicole;Walters;andrewsoto@example.com;20/09/2021
133;Amber;Schmidt;juliaortiz@example.org;15/11/2020
134;Christopher;Green;macdonaldmonique@example.net;26/07/2021
135;Julie;Bruce;wrobinson@example.org;20/11/2019
136;Ashley;Patel;youngmegan@example.com;04/01/2023
137;Michael;Stark;williamterry@example.net;17/05/2021
138;Gregory;Parker;ejohnson@example.net;25/09/2019
139;Theresa;Howard;higginsdonald@example.org;19/11/2019
140;Angela;Randall;katherine48@example.net;28/07/2021
141;Julie;Stanley;ashley41@example.com;05/02/2021
142;Diane;Frazier;zparker@example.com;13/04/2021
143;Donald;Gomez;wheelernancy@example.com;11/02/2022
144;Candace;Austin;amorgan@example.net;15/09/2022
145;Nicole;Francis;amandamolina@example.com;24/11/2022
146;Kathleen;Mejia;kathleen29@example.net;11/05/2021
147;Laura;Stanton;hicksrobert@example.org;14/05/2023
148;Daniel;Cooper;omcintosh@example.com;01/01/2022
149;Pamela;Hodges;arnoldsara@example.com;31/08/2019
150;Adam;Morris;joebaker@example.net;26/03/2022
151;Jeffrey;Collins;christophertaylor@example.org;07/05/2023
152;Lisa;White;stevenbrown@example.net;22/02/2020
153;Melanie;Mueller;daniel96@example.com;05/04/2021
154;Jennifer;Johns;justinschneider@example.net;01/04/2023
155;Roger;Davis;michaelhicks@example.org;26/04/2024
156;Fernando;Martinez;brian17@example.net;06/04/2020
157;Jeffrey;Reese;ashley06@example.com;06/03/2021
158;Rebecca;Brock;cruzrachel@example.com;27/06/2023
159;Gail;Peters;zowens@example.org;18/02/2020
160;Benjamin;Norman;baileymary@example.org;27/11/2023
161;Ariana;Santana;tbaldwin@example.org;18/01/2021
162;Diane;Porter;ymccoy@example.org;21/07/2020
163;Kimberly;Cooper;danielfields@example.net;16/06/2022
164;Margaret;Mccann;diana95@example.net;27/01/2023
165;Robert;Williams;beasleybrittany@example.com;26/01/2024
166;Paul;Sutton;curtiswalls@example.net;22/06/2023
167;Tricia;Woods;lucaswarner@example.org;17/06/2023
168;Tracy;Walters;jack71@example.org;29/10/2020
169;Shirley;Wade;lewisedward@example.org;30/07/2023
170;Robert;Lawrence;alyssahill@example.com;30/03/2024
171;Mark;Massey;lopezjames@example.net;26/05/2021
172;Kristin;Johnson;darrell84@example.com;09/10/2020
173;Wesley;Barker;racheldelgado@example.org;25/12/2023
174;John;Koch;ryan06@example.org;23/08/2023
175;Jason;Hill;taylorjacob@example.org;14/08/2020
176;Justin;Hill;lmurphy@example.org;18/11/2019
177;Chris;Lyons;mjordan@example.com;31/03/2022
178;Marissa;Rogers;asilva@example.net;29/12/2023
179;Lisa;Thomas;cbrown@example.org;02/11/2021
180;David;Dyer;ppena@example.net;22/03/2023
181;Lisa;Munoz;michellevasquez@example.org;03/09/2019
182;Jared;Higgins;ecervantes@example.net;12/11/2021
183;Robert;Butler;shieldslawrence@example.com;24/11/2023
184;Randall;Mitchell;preeves@example.net;01/11/2022
185;Michael;Nelson;samantha00@example.net;27/11/2023
186;Nicholas;Anderson;robert56@example.net;25/07/2023
187;Gary;Rodriguez;kathleen77@example.net;20/10/2022
188;Kayla;Whitaker;williamsruth@example.net;21/04/2021
189;David;Wood;john18@example.com;08/12/2023
190;Thomas;Dunlap;rryan@example.com;06/06/2024
191;Kristin;Lewis;richardlee@example.com;24/01/2022
192;Cynthia;Wilson;mark94@example.net;31/12/2019
193;Scott;Roy;bradleydaugherty@example.com;13/09/2020
194;Brittany;Hernandez;wongbrandon@example.org;16/02/2022
195;Megan;Nicholson;hunteroscar@example.org;01/01/2020
196;Amy;Hayes;mathewsjennifer@example.org;09/03/2020
197;Marc;Turner;gabriellecruz@example.com;14/07/2022
198;Christopher;Keith;russelllowe@example.net;22/08/2023
199;Adam;King;sharon50@example.com;04/12/2020
200;Anthony;Melton;mhopkins@example.org;21/01/2024
201;Yesenia;Martin;tylercook@example.net;28/04/2024
202;Sonia;Rose;annapotter@example.org;19/04/2024
203;Angela;Best;matthewedwards@example.org;19/04/2023
204;Peter;Johnson;matthewsmichael@example.net;08/06/2023
205;David;Dennis;aprilpeters@example.net;14/06/2022
206;Nathan;Hodge;carolynholt@example.com;23/05/2022
207;Diamond;Alvarez;jenniferjohnson@example.com;05/01/2024
208;Mary;Benjamin;emily34@example.net;02/12/2023
209;Brandi;Lewis;michael08@example.org;07/05/2021
210;Kimberly;Allison;velezerika@example.net;17/03/2021
211;Christopher;Baker;michaelsnow@example.net;21/08/2022
212;Amy;Smith;earlwilliams@example.net;04/11/2020
213;Vanessa;Allen;mnelson@example.org;29/01/2022
214;Melissa;Spencer;wsolis@example.net;26/12/2021
215;Mary;Butler;kathryncooke@example.org;31/10/2020
216;Andrew;Copeland;pdalton@example.com;14/07/2024
217;Kayla;Thomas;pking@example.org;13/02/2024
218;Louis;Smith;kellyjason@example.org;17/12/2021
219;Leah;Bolton;coryhunter@example.com;02/07/2022
220;Mario;Powers;vickijefferson@example.net;16/10/2020
221;Susan;Stephenson;shawnmurphy@example.net;27/01/2024
222;Calvin;Carr;travismartin@example.org;24/11/2020
223;Bryan;Torres;vancekimberly@example.com;24/12/2019
224;Michelle;Mcbride;martinezbrenda@example.net;24/01/2023
225;Laura;Smith;owensbrittany@example.com;14/10/2019
226;Megan;Martinez;andreastokes@example.org;26/11/2019
227;Ashley;Blair;ujimenez@example.org;24/09/2022
228;Rebecca;Foster;ashley53@example.com;19/10/2021
229;Madison;White;robertsmith@example.com;22/09/2022
230;Sherri;Morgan;dunnjacqueline@example.net;02/06/2024
231;Jennifer;Rodriguez;javier51@example.net;19/07/2023
232;Justin;Kelley;betty32@example.net;16/08/2020
233;Rachel;Nguyen;diana47@example.com;15/12/2019
234;David;Webster;xchaney@example.com;26/11/2022
235;David;Rocha;melodymoore@example.com;05/11/2022
236;Susan;Sandoval;catherine21@example.com;28/05/2020
237;James;Clark;timothy72@example.net;03/09/2022
238;Lisa;Blankenship;teresaswanson@example.org;15/05/2022
239;Kenneth;Duncan;shelly08@example.com;16/02/2022
240;Christopher;Johnson;ykirk@example.net;16/06/2024
241;Julie;Johnson;chad07@example.com;05/12/2021
242;Elizabeth;Jones;sophia84@example.org;26/09/2023
243;Zachary;Powell;monica88@example.com;07/07/2020
244;Rebecca;Moore;phamvalerie@example.com;18/09/2022
245;Blake;Graham;millershannon@example.org;02/04/2022
246;Kimberly;Cantu;glennchristina@example.org;29/02/2020
247;Roberta;Martinez;shannon47@example.org;13/07/2023
248;Christine;Nelson;uvillarreal@example.net;01/02/2022
249;Joyce;Banks;cody96@example.org;25/10/2023
250;Molly;Nguyen;victoria90@example.org;20/06/2021
251;Maria;Carter;amymorales@example.net;15/02/2022
252;Laurie;Castillo;john25@example.net;16/03/2021
253;Angela;Edwards;morrissara@example.com;08/09/2021
254;Lucas;Gray;johnnyhiggins@example.net;06/08/2023
255;Andrea;Snyder;maria83@example.com;25/09/2021
256;Kara;Green;valerie38@example.org;28/03/2024
257;Jasmine;Brown;erin45@example.com;26/05/2022
258;John;Mitchell;lisa39@example.org;19/07/2020
259;Jennifer;Green;iwilson@example.com;10/06/2024
260;Melissa;Schultz;adamsoscar@example.com;02/02/2024
261;Karen;Roy;bgoodman@example.org;24/06/2023
262;Caitlyn;Smith;davisjames@example.org;09/11/2020
263;Anthony;Colon;mathewssharon@example.org;18/02/2021
264;Kelly;Byrd;pcoffey@example.com;26/02/2021
265;John;Dixon;taylor31@example.org;12/05/2020
266;Jillian;Russell;tina27@example.org;10/05/2024
267;Elizabeth;Peterson;melissa19@example.net;21/03/2024
268;Brad;Garcia;staciegarcia@example.org;18/03/2023
269;Jeffrey;Schmidt;orozcomichaela@example.com;08/05/2021
270;Robert;Brown;jo42@example.com;13/01/2024
271;Brian;Freeman;oscarpayne@example.com;15/05/2020
272;Trevor;Lewis;paulbuck@example.org;11/07/2021
273;Pamela;Bennett;priceanna@example.org;19/05/2020
274;Brian;Hall;hunterharris@example.org;17/09/2022
275;James;Allen;marytorres@example.net;16/05/2020
276;Lisa;Brown;jesse28@example.net;09/09/2019
277;Carrie;Young;kevinayers@example.com;12/02/2020
278;Clifford;Neal;peckpatrick@example.org;09/01/2022
279;Nicholas;Sullivan;ejones@example.net;23/07/2022
280;Mary;Martin;ckent@example.com;10/06/2024
281;Katherine;Evans;rjacobs@example.com;23/03/2024
282;John;Turner;michaelrodriguez@example.org;14/09/2023
283;Martin;Johnson;mark98@example.org;30/04/2023
284;Victoria;Allen;ndiaz@example.net;18/09/2023
285;Amanda;Abbott;goodmandavid@example.com;07/03/2024
286;Jesse;Obrien;birdalexander@example.com;18/07/2021
287;Sheila;Smith;michaelshannon@example.com;24/12/2021
288;Judy;Moss;ovega@example.org;20/03/2020
289;Billy;Young;brittneyrichardson@example.com;06/12/2022
290;Susan;Wright;richardmathews@example.net;04/12/2019
291;Daniel;Barrett;warnerronald@example.com;22/08/2023
292;Brittany;Mckinney;lambmelanie@example.net;23/08/2022
293;Trevor;Mcgee;saunderslawrence@example.net;09/10/2020
294;Mark;Ortiz;dchavez@example.com;04/01/2022
295;Karen;Floyd;martinderek@example.net;30/10/2019
296;Jasmine;Owens;dkramer@example.org;03/12/2019
297;Richard;Mitchell;jonesvincent@example.net;05/06/2022
298;Debra;Baker;lmendoza@example.net;19/07/2020
299;Madison;Edwards;april13@example.org;27/05/2022
300;John;Wiggins;caitlin11@example.net;10/12/2022
301;Chloe;Bryant;kayla06@example.com;08/12/2022
302;Karen;Parks;mccoyjoseph@example.com;08/12/2023
303;Debbie;Warren;nhodges@example.org;05/05/2023
304;Carmen;Smith;durhamtyler@example.com;11/10/2023
305;Donna;Dunn;lisahernandez@example.com;13/10/2021
306;Dave;Mccormick;ecole@example.com;04/02/2024
307;Cole;Porter;wkirby@example.org;27/04/2021
308;Eric;Jimenez;xjohnson@example.com;11/09/2021
309;Timothy;Martin;robin11@example.org;30/03/2024
310;Jason;Peterson;phillipscynthia@example.com;24/04/2021
311;Heather;Clark;scott39@example.org;08/03/2021
312;Douglas;Scott;melissa51@example.com;02/04/2023
313;Michael;Pena;virginia62@example.org;18/06/2022
314;Denise;Hurst;mitchell25@example.com;01/11/2023
315;Joanne;Dodson;sstevens@example.net;04/02/2024
316;Shannon;Cochran;adamcastro@example.org;11/08/2022
317;Jonathan;Brown;vbutler@example.org;15/03/2023
318;Donald;Romero;kimberlyharris@example.net;01/08/2022
319;Joseph;Schmidt;youngjohn@example.com;28/02/2023
320;Shannon;Green;ymorton@example.com;28/11/2019
321;Marilyn;Rose;perezdominique@example.com;26/04/2020
322;Melissa;Kim;cassandraalexander@example.com;17/02/2023
323;Jamie;Pacheco;markreyes@example.com;30/03/2024
324;Christopher;Coleman;benjaminhart@example.com;20/02/2022
325;Heather;Roberts;zspence@example.org;17/10/2019
326;Teresa;Jimenez;elizabethwilliams@example.com;13/03/2024
327;Derek;Edwards;davidpittman@example.com;26/03/2020
328;Michelle;Russell;rtrevino@example.org;08/06/2021
329;Donna;Henson;mayogordon@example.org;08/04/2021
330;Chad;Watson;ohenderson@example.net;03/07/2023
331;Rachel;Martinez;jennifer26@example.org;22/07/2024
332;John;White;caseyboone@example.net;26/02/2020
333;Matthew;Turner;ktravis@example.org;27/08/2023
334;William;Richmond;francisdebbie@example.org;18/04/2024
335;Timothy;Rodriguez;danielguzman@example.net;23/08/2022
336;Megan;Sexton;kfernandez@example.org;09/04/2023
337;Bruce;Cochran;maxbennett@example.net;28/01/2023
338;Felicia;Martin;smithmichael@example.org;05/06/2022
339;Kimberly;Jimenez;qdixon@example.net;02/10/2019
340;Sara;Rodriguez;fischerdana@example.org;29/04/2021
341;Cody;Patel;stephendavis@example.com;23/04/2022
342;Joshua;Boyer;michellepatterson@example.net;02/03/2023
343;Paul;Scott;isanchez@example.org;18/02/2021
344;Sara;Jackson;mwelch@example.org;06/07/2022
345;Rachel;Morris;benjamin12@example.com;27/07/2024
346;Christine;Lawrence;salexander@example.org;22/01/2024
347;Jason;Smith;russellnicholas@example.org;26/11/2019
348;Karen;French;pturner@example.com;30/03/2024
349;Ethan;Griffin;yolanda55@example.com;17/03/2020
350;Jessica;Rivers;aprilgaines@example.org;29/05/2023
351;Michael;Newman;stephanie81@example.net;27/08/2019
352;Brooke;Medina;kristen19@example.net;20/04/2022
353;Victoria;Beard;mullinsmarcus@example.net;12/11/2023
354;Gregory;Lambert;rebeccatran@example.net;17/06/2021
355;Matthew;Salazar;leematthew@example.com;18/01/2024
356;Jeffrey;Gardner;lyonsangela@example.net;24/02/2023
357;Heather;Soto;wrightjuan@example.org;24/10/2021
358;Christopher;Grant;douglasobrien@example.net;29/04/2020
359;Eric;Reynolds;harold75@example.com;15/09/2023
360;Madison;Henry;javier88@example.com;10/04/2023
361;Louis;Delgado;lchambers@example.net;07/08/2020
362;Susan;Walton;mooremorgan@example.org;28/04/2022
363;Michael;Mills;daniel21@example.net;25/06/2020
364;Gary;Morrow;tammystout@example.net;18/04/2021
365;Nicholas;Brown;deangill@example.org;21/11/2022
366;Kayla;Garcia;bcoleman@example.net;18/08/2020
367;John;Watson;lauraturner@example.net;21/02/2020
368;Felicia;Lee;timothygibson@example.net;16/12/2022
369;Lacey;Simmons;nhensley@example.com;23/06/2024
370;Todd;Nelson;troy65@example.com;19/06/2021
371;Julie;Molina;sherryorozco@example.org;22/07/2024
372;David;Romero;tmontoya@example.org;13/03/2020
373;Alex;Atkinson;lisagreene@example.net;04/09/2021
374;Mark;Lewis;zgreene@example.net;06/03/2024
375;Rachel;Wilson;millermatthew@example.com;04/09/2023
376;Kristy;Franklin;phillipsmary@example.org;27/09/2023
377;Timothy;Haley;david67@example.net;18/02/2021
378;Thomas;Williams;millereric@example.org;09/09/2021
379;David;Wolfe;sjones@example.org;20/06/2022
380;Deanna;Moore;hansentony@example.net;08/07/2021
381;Amanda;Zavala;lfowler@example.com;29/05/2022
382;Elizabeth;Rice;billy09@example.net;14/08/2020
383;Mark;Rodriguez;aperkins@example.org;13/06/2020
384;Thomas;Potter;thomas37@example.net;14/06/2024
385;Cindy;Rowe;mwilliams@example.com;02/07/2021
386;Christopher;Becker;lfowler@example.net;23/09/2022
387;Sarah;Mcgrath;cummingsholly@example.org;24/06/2021
388;Jose;Hernandez;chandlerrachael@example.net;13/07/2022
389;Tyrone;Clements;mthomas@example.com;24/01/2024
390;Amy;Jones;phamdevin@example.net;14/02/2023
391;Megan;Roberson;wpowell@example.com;29/06/2022
392;Kara;Doyle;douglasnguyen@example.org;24/07/2024
393;Gregory;Cook;gmendoza@example.net;12/07/2021
394;Mary;Parks;christina66@example.com;23/11/2022
395;Laura;Vaughn;wmcgee@example.org;13/11/2020
396;Cody;Carlson;cindy37@example.net;23/01/2021
397;Mary;Bernard;sanchezbenjamin@example.org;04/03/2023
398;James;Bailey;nicoleforbes@example.net;08/07/2021
399;Karen;Martinez;angela76@example.net;18/01/2022
400;Mitchell;Taylor;vnelson@example.net;03/03/2021
401;Ryan;Mejia;cheryl03@example.org;17/03/2021
402;David;Garcia;rebeccawilkins@example.com;04/08/2021
403;Jason;Peterson;shieldskrystal@example.org;30/03/2023
404;Veronica;Young;bowmannicole@example.org;31/10/2023
405;Pamela;Riley;dsanchez@example.net;27/11/2020
406;Daniel;Jarvis;aaronburton@example.org;28/11/2021
407;Meghan;Parker;cooperdavid@example.com;09/09/2021
408;Luis;Spears;alan39@example.org;25/07/2023
409;Michael;Valencia;ahensley@example.net;09/01/2020
410;Peggy;Morgan;brettstrong@example.com;22/03/2021
411;Kristin;Jenkins;astevens@example.com;01/12/2020
412;Randall;Lucas;stonekelly@example.org;08/05/2022
413;Krystal;Gibson;kimberlyrogers@example.com;11/03/2024
414;Bruce;Huffman;jcortez@example.com;01/05/2021
415;Robert;Booth;kellyconley@example.net;25/05/2020
416;Marie;Simmons;burgesskristi@example.org;03/01/2023
417;Kathryn;Nash;sarahbrown@example.net;25/12/2022
418;Randy;Novak;preyes@example.net;19/02/2024
419;Thomas;Thomas;mayerlisa@example.net;20/05/2021
420;Gregory;Mckenzie;buchanandaniel@example.com;23/03/2020
421;Kimberly;Hall;zfleming@example.com;15/10/2023
422;John;Holder;mackantonio@example.net;29/05/2022
423;Jacqueline;Jennings;stevenpatton@example.net;26/01/2023
424;Theresa;Simpson;christophercervantes@example.net;11/12/2022
425;Kimberly;Russell;wintersdiana@example.org;20/09/2019
426;Jennifer;Smith;danielhernandez@example.com;20/01/2022
427;Jennifer;Snyder;millerdavid@example.com;25/11/2023
428;Maria;Jones;antoniobarnes@example.org;17/07/2023
429;Amy;Stewart;hansendaniel@example.org;16/09/2022
430;Kenneth;Kent;wellsteresa@example.org;22/09/2023
431;Michael;Martin;smithnicole@example.com;29/12/2021
432;Kurt;Thompson;megan37@example.net;31/01/2024
433;Sandra;Bender;fordkatie@example.org;04/09/2022
434;Michael;Rodriguez;benjamin24@example.net;18/04/2023
435;Steven;Turner;colleenbailey@example.org;23/10/2019
436;Anthony;Horton;candicewilliams@example.com;13/02/2023
437;Melissa;Chaney;ywhite@example.net;20/09/2021
438;Bill;Peterson;emoran@example.net;24/02/2020
439;Brianna;Cook;johnsonbrian@example.org;04/08/2022
440;Diane;Guerrero;brooksronald@example.com;29/01/2020
441;George;Garcia;lisawalsh@example.org;22/10/2020
442;Jacob;Gordon;theresa19@example.org;18/10/2019
443;Marvin;Huber;pgarrett@example.org;26/01/2023
444;Rebekah;Johnson;justin74@example.net;28/05/2020
445;Katelyn;Bryant;braunthomas@example.com;15/09/2020
446;Frank;Wilson;evelyn86@example.net;23/08/2023
447;Sharon;Scott;matthew39@example.net;27/05/2022
448;Travis;Dixon;jonathan99@example.org;26/03/2021
449;Wayne;Jones;lisaallen@example.net;31/07/2022
450;Alicia;Smith;mcphersondaniel@example.com;11/04/2021
451;Matthew;Jones;vanessacarson@example.net;16/01/2021
452;Lisa;King;krobinson@example.com;13/04/2021
453;Susan;Smith;davidgarcia@example.com;02/01/2020
454;Michelle;Johnson;parkerfields@example.com;25/01/2023
455;William;Lee;dawn05@example.org;24/05/2021
456;Amber;Lowery;ijones@example.org;15/10/2020
457;Toni;Paul;orogers@example.net;30/03/2024
458;Zachary;Dickerson;stephenhayden@example.net;22/05/2022
459;Rebekah;Beck;linda90@example.org;11/06/2023
460;Julie;Potter;pdickerson@example.net;07/09/2023
461;Katelyn;Jones;katherinejohnson@example.net;17/12/2020
462;Michaela;Harvey;michelle91@example.net;18/03/2021
463;Christopher;Stephens;leslierodriguez@example.com;20/09/2019
464;Justin;Ramirez;debra83@example.org;08/08/2021
465;Timothy;Stephens;ubender@example.org;28/04/2024
466;Jacob;Cooper;elizabethmartinez@example.com;31/03/2020
467;Jackson;Williams;richard89@example.net;03/11/2019
468;Tonya;Osborne;carlsaunders@example.org;04/08/2021
469;Kelly;Patel;jennifercannon@example.org;28/11/2023
470;Susan;Hamilton;michaeldavis@example.net;14/12/2022
471;Mark;Kent;shellylarsen@example.org;28/08/2022
472;Joseph;Lawson;david03@example.com;18/05/2020
473;Brett;Mitchell;njohnson@example.net;28/04/2023
474;Michael;Johnson;jeremy87@example.net;22/09/2023
475;Erin;Peterson;rmunoz@example.com;05/04/2020
476;Lisa;Thompson;michele01@example.org;29/07/2020
477;Matthew;Robinson;joseph24@example.com;23/10/2019
478;Amy;Bates;zanderson@example.net;21/12/2022
479;Natasha;Gregory;daryllivingston@example.org;22/08/2021
480;Steven;Mitchell;whitejustin@example.com;10/07/2024
481;Michele;Anderson;jodigardner@example.net;07/10/2019
482;Daniel;Erickson;michaelsandoval@example.net;02/09/2021
483;David;Harris;emily39@example.org;24/05/2020
484;Michelle;Freeman;hernandezruth@example.com;07/10/2020
485;James;Hernandez;thomasbarbara@example.net;11/11/2019
486;Mark;Griffin;michelegriffith@example.com;03/06/2024
487;Mitchell;Gardner;jmorris@example.net;28/10/2021
488;Pamela;Thomas;fmoyer@example.com;07/07/2020
489;James;Bennett;christinastevenson@example.net;18/06/2021
490;Desiree;Payne;bmiles@example.org;03/08/2022
491;Nicholas;Smith;cole66@example.com;06/06/2022
492;Timothy;Rivera;grahamperry@example.org;14/10/2022
493;Kimberly;Butler;cmadden@example.net;05/12/2022
494;Marilyn;Adams;fvilla@example.net;12/08/2024
495;Deborah;Johnson;mcbridestephen@example.org;03/04/2021
496;Christopher;Johnson;garrettmorgan@example.org;25/10/2023
497;Jodi;Cox;matthewdiaz@example.org;29/04/2023
498;Linda;Riggs;mark83@example.org;26/08/2022
499;Edgar;Davis;qharvey@example.com;27/09/2021
500;Katherine;Bartlett;jennifergilbert@example.net;13/08/2022
501;Brittney;Clark;brandon21@example.net;30/06/2022
502;Amanda;Medina;gailbell@example.com;04/02/2024
503;Julie;Pruitt;lauragray@example.com;26/01/2021
504;Victoria;Lee;adurham@example.net;24/08/2020
505;Juan;Holland;manuel09@example.com;03/03/2021
506;Hannah;Roberson;john96@example.org;01/08/2023
507;Philip;Wallace;rachelortega@example.com;24/12/2022
508;Yvonne;Thomas;anna03@example.org;16/12/2023
509;William;Dillon;cthomas@example.org;04/09/2020
510;Juan;Newton;josephfoster@example.com;07/09/2021
511;Jessica;Lopez;edward25@example.net;13/04/2020
512;Lisa;Sanchez;hwilliams@example.net;08/07/2021
513;Alan;Alvarado;vwinters@example.com;11/06/2024
514;Zachary;Reeves;bruce01@example.org;29/07/2024
515;Samantha;Bell;michaelmcdonald@example.net;21/10/2022
516;Angela;Taylor;rogerkelly@example.net;18/09/2023
517;Joshua;Allen;toddhoward@example.com;31/01/2023
518;Michelle;Flores;rogersjohnathan@example.net;13/02/2022
519;Jason;Roberts;kennedyjason@example.com;15/05/2021
520;Dan;Forbes;xschmidt@example.net;07/06/2024
521;Rhonda;Shields;jacqueline28@example.net;28/11/2019
522;Katrina;Phillips;darius46@example.com;29/12/2023
523;Kerry;Watson;bhernandez@example.com;20/12/2021
524;Russell;Barnett;bgonzalez@example.com;29/04/2021
525;James;Davis;jerryadams@example.net;06/08/2024
526;Susan;Evans;webbandrew@example.org;12/10/2022
527;Ashley;Bates;hannah50@example.org;01/10/2022
528;Sarah;Washington;chelsea44@example.net;19/10/2020
529;Sarah;Fleming;achavez@example.org;21/10/2019
530;Misty;Johns;graylarry@example.org;24/02/2021
531;Allison;Collins;stephenlewis@example.net;19/09/2022
532;Kimberly;Trujillo;lesterkimberly@example.com;14/08/2024
533;Ryan;Williams;martinezdawn@example.com;14/04/2022
534;Matthew;Ramirez;ltaylor@example.net;02/02/2020
535;Carla;Wong;emilyjohnson@example.net;21/02/2023
536;James;Garrett;benjamin58@example.org;18/01/2021
537;Joseph;Ross;pamelawade@example.com;12/08/2020
538;Kenneth;Jones;mooneydavid@example.com;02/09/2022
539;Rhonda;Wagner;shannon23@example.org;24/10/2023
540;Tiffany;Martinez;igould@example.net;29/06/2023
541;John;Murphy;kimberly24@example.org;16/04/2024
542;David;Munoz;elizabeth30@example.net;25/12/2022
543;Samuel;Williams;susan33@example.org;02/08/2020
544;Justin;Thomas;samanthagreen@example.com;01/08/2023
545;Donna;Skinner;murphyparker@example.net;16/03/2022
546;Michael;Dudley;smcdonald@example.net;27/02/2023
547;Steve;Campbell;johnsoncharles@example.net;09/11/2021
548;Leah;Anderson;morrisjohn@example.org;24/05/2023
549;Sara;Fernandez;taylorramirez@example.org;25/03/2023
550;Diana;Hancock;danielpaul@example.com;01/01/2021
551;Shannon;Poole;danielowen@example.net;15/04/2021
552;Phillip;House;alyssamyers@example.org;14/01/2020
553;Melissa;Chapman;oli@example.net;22/03/2021
554;Jeffrey;Wilson;qmartinez@example.com;01/08/2021
555;Amber;Fletcher;gchung@example.org;28/11/2022
556;Brian;Bryant;adam79@example.com;08/05/2024
557;Kathy;Rodgers;jessicanash@example.net;08/12/2020
558;Marilyn;Grant;gordonolivia@example.net;07/05/2021
559;Holly;Barker;jwilson@example.net;04/11/2021
560;Sheri;Hall;anne77@example.net;15/11/2020
561;Logan;Mercado;bradley24@example.net;22/04/2023
562;Scott;Rodriguez;underwoodtyler@example.net;11/07/2023
563;Cassie;Alvarez;cabreramichael@example.net;19/01/2020
564;Derek;Smith;garciaamy@example.org;10/09/2020
565;Shawn;Wallace;gclark@example.org;17/05/2024
566;Julie;Wood;staceymorgan@example.com;20/12/2019
567;Andrew;Williams;ashley28@example.org;23/07/2023
568;Cody;Lawrence;silvahannah@example.org;04/04/2022
569;Leonard;Diaz;rebeccanunez@example.org;28/04/2022
570;Ronald;Conrad;qwilliams@example.org;08/09/2021
571;Laurie;Hill;foxrichard@example.org;10/08/2024
572;Nicole;Benson;burnstracy@example.org;25/08/2024
573;David;Tucker;llee@example.com;16/11/2022
574;Craig;Vaughn;nmoore@example.com;04/04/2020
575;Veronica;Cook;anne65@example.net;13/10/2021
576;Bradley;Vazquez;brian39@example.org;18/02/2021
577;Cameron;Castaneda;ralphsmith@example.net;27/06/2023
578;Brett;Jacobs;rrodriguez@example.org;16/04/2023
579;Michelle;Singleton;smithchristine@example.com;28/10/2019
580;James;Reese;michael16@example.com;03/07/2021
581;Jessica;Glover;cjohnson@example.com;28/09/2019
582;Jacob;Mendez;blankenshipcindy@example.net;02/11/2019
583;Stephen;Smith;swansonlisa@example.com;23/06/2022
584;James;Rhodes;williamsbethany@example.org;01/09/2020
585;Clinton;Richardson;cory42@example.net;29/12/2019
586;Bethany;Pratt;eduardoshaw@example.com;22/04/2020
587;Christina;Scott;matthewmunoz@example.org;19/06/2020
588;David;Blake;limark@example.net;21/12/2023
589;Rebecca;Martinez;ukim@example.net;12/05/2024
590;Alexandra;Cook;phillipscassandra@example.org;07/01/2022
591;Emily;White;rita47@example.org;01/01/2024
592;Jessica;Thompson;justinharvey@example.org;01/11/2020
593;Morgan;Knight;jenniferthomas@example.net;20/12/2021
594;Jason;Miller;edwardhayes@example.com;01/10/2020
595;Theresa;Torres;scott63@example.com;28/09/2019
596;Aaron;Mccall;gina22@example.com;14/11/2019
597;Amanda;Cooper;xharrington@example.net;26/02/2021
598;Jean;Smith;deborah94@example.com;28/12/2020
599;Peggy;Ford;sheltonerica@example.com;28/01/2024
600;Alicia;Ingram;nvaldez@example.net;01/12/2019
601;Deanna;Anderson;jacob16@example.net;04/10/2019
602;Lindsey;Khan;caleblynch@example.com;09/05/2021
603;Charles;Weiss;jasonbarnett@example.net;07/04/2022
604;Joyce;Walls;fnelson@example.com;25/04/2020
605;Christine;Palmer;pamela99@example.com;13/05/2020
606;Amber;Russell;shannon67@example.com;06/09/2023
607;Anna;Miranda;tommyrobles@example.net;11/03/2020
608;Jeffrey;Watts;xwebb@example.com;09/01/2024
609;Bonnie;Lopez;sean89@example.net;08/09/2021
610;Cynthia;Salinas;kristencampbell@example.com;16/09/2021
611;Holly;Mccarthy;john49@example.org;29/01/2024
612;Daniel;Roberts;rossamy@example.org;24/12/2021
613;Matthew;Schroeder;jamesjohnson@example.net;10/10/2020
614;Eric;Graves;garciastephen@example.net;26/04/2021
615;Hannah;Green;xbaxter@example.net;06/05/2022
616;Marie;Byrd;marilyn02@example.org;10/10/2022
617;Tammy;Salinas;taylorchristina@example.net;18/09/2020
618;Diane;Costa;ggillespie@example.com;03/09/2022
619;James;Patterson;smithpatricia@example.com;18/05/2020
620;Amy;Sosa;meganmathews@example.org;22/09/2019
621;Robert;Delacruz;wallen@example.com;08/09/2019
622;Michelle;Brown;brandy36@example.org;24/03/2022
623;Courtney;Levy;darrylgomez@example.org;26/05/2022
624;Sue;Morgan;keithcourtney@example.org;20/06/2021
625;John;Lopez;mcintoshrobert@example.org;02/12/2019
626;Emily;Collins;cwilkerson@example.net;06/10/2020
627;Lisa;Lopez;paullopez@example.net;13/03/2021
628;William;Skinner;victor40@example.net;11/06/2021
629;Rebecca;Mcintosh;savannah75@example.com;03/11/2021
630;Adrian;Patterson;david79@example.com;23/11/2021
631;Steven;Freeman;christopherproctor@example.net;19/04/2020
632;Jonathan;Brady;stevenenglish@example.net;21/12/2021
633;Laurie;Cisneros;kim88@example.com;07/02/2021
634;Amy;Chambers;ysalazar@example.org;14/10/2020
635;Jerry;Thompson;thompsondylan@example.org;29/05/2021
636;Benjamin;James;cbryan@example.net;20/01/2024
637;Eric;Williams;davisjames@example.net;19/06/2020
638;Toni;Collins;smallcindy@example.com;02/07/2024
639;Ann;Zimmerman;glowery@example.org;12/03/2023
640;Theresa;Roberts;andrewhill@example.org;11/07/2023
641;Sarah;Brennan;michaelcrosby@example.com;02/06/2024
642;Justin;Garza;alanroberts@example.org;15/12/2023
643;Rachel;Walker;matthew64@example.org;09/05/2021
644;Janet;Wilson;ahoffman@example.com;15/09/2019
645;Maxwell;Marsh;kristopher32@example.com;29/10/2021
646;Michelle;Reynolds;andrea93@example.net;30/11/2020
647;Joyce;Phelps;savagesteven@example.org;27/12/2020
648;Michael;Morris;phillipoconnor@example.net;30/10/2023
649;Spencer;Hamilton;thompsonkatherine@example.com;01/02/2022
650;Michael;Martin;yramirez@example.org;16/10/2020
651;James;Hardy;justinnorton@example.net;08/07/2021
652;Andrew;Estes;nicole21@example.net;28/07/2024
653;Brian;May;pmills@example.org;15/10/2019
654;Alexander;King;tammy56@example.net;08/02/2024
655;Angela;Wheeler;brianmendez@example.org;22/04/2022
656;Jeffrey;Wilson;kennethfrederick@example.net;27/01/2024
657;Jason;Sutton;brownbrandon@example.net;09/02/2022
658;Christopher;Miller;storres@example.com;04/03/2020
659;Jacqueline;Blair;jacob18@example.com;26/07/2023
660;Pamela;Winters;eyoung@example.com;23/06/2024
661;Sarah;Mcguire;garycooper@example.org;29/08/2021
662;Kimberly;Miller;bishopruben@example.net;25/08/2024
663;Donna;Mccoy;pgarcia@example.org;21/10/2021
664;Cody;Stewart;allensean@example.com;23/01/2024
665;Ray;Tran;jwilliams@example.net;17/08/2023
666;Richard;Holloway;coxkenneth@example.org;08/03/2023
667;Samantha;Barnes;bethsmith@example.net;10/11/2023
668;Kimberly;Butler;svega@example.org;11/01/2023
669;Wendy;Williams;taylorstephen@example.net;04/07/2021
670;Amber;Wheeler;smithjon@example.org;21/09/2022
671;Justin;Cortez;wflynn@example.net;10/04/2024
672;Jeffrey;Bautista;richard88@example.net;23/04/2020
673;Marisa;Kirby;lhenderson@example.org;19/01/2022
674;Melissa;Cain;longselena@example.net;15/05/2022
675;Kathleen;Richardson;lisa06@example.net;18/07/2023
676;Lauren;Leach;palmerphillip@example.com;10/07/2023
677;Chelsea;Torres;zgrant@example.org;26/04/2021
678;Joshua;Santos;privas@example.org;07/06/2024
679;Eric;Wilcox;kimberlyacosta@example.org;30/10/2019
680;Ryan;Roberts;joshua36@example.org;31/05/2024
681;Laura;Jimenez;garciadawn@example.com;08/09/2023
682;Bradley;Vincent;sherrycordova@example.com;10/01/2023
683;Debra;Johnson;rachel38@example.net;13/02/2022
684;Samantha;Baker;npadilla@example.com;25/11/2022
685;Amy;Lopez;richard99@example.net;23/03/2023
686;Brandi;Nichols;bwalter@example.com;06/12/2022
687;Tiffany;Glenn;todd68@example.org;26/04/2021
688;Lori;Wilson;wangrobert@example.org;19/03/2020
689;Jaime;Sharp;scottwilliams@example.org;20/01/2022
690;Brenda;Richards;williamsmikayla@example.com;31/10/2020
691;Amy;White;nicole02@example.org;28/05/2022
692;Latoya;Moreno;fritzstephen@example.org;23/08/2023
693;Seth;French;warrencatherine@example.net;28/01/2020
694;Joshua;Norman;nicole67@example.net;14/11/2023
695;Don;Fisher;rtaylor@example.org;10/09/2022
696;Gregory;Mitchell;xgordon@example.com;11/06/2024
697;Connor;Moran;matthew14@example.net;30/11/2019
698;Elizabeth;Thomas;zharrison@example.org;24/03/2024
699;William;Hill;zacharymartinez@example.com;17/05/2022
700;Anne;Rocha;ricejustin@example.org;04/02/2024
701;John;Schmidt;paulenglish@example.net;26/02/2021
702;James;Lopez;connor43@example.org;14/03/2020
703;Tara;Johnson;daniel01@example.org;18/11/2021
704;Steven;Perkins;ibrown@example.net;14/04/2021
705;Leah;Rivera;jmcdowell@example.net;02/04/2020
706;Michael;Gomez;patriciaphillips@example.com;24/06/2023
707;Nicholas;Terry;sarah43@example.com;04/06/2023
708;Teresa;York;yosborne@example.net;31/10/2023
709;Amber;Fuentes;thompsonmatthew@example.net;28/07/2020
710;Amber;Jones;raymondnolan@example.org;08/02/2024
711;Joseph;Roach;tammyturner@example.org;16/03/2020
712;Anne;Richardson;xfoster@example.net;06/08/2021
713;Jeffrey;Elliott;frywendy@example.net;27/03/2023
714;Steve;Henry;justin48@example.org;13/03/2021
715;Lawrence;Kramer;joannehall@example.com;12/11/2020
716;Diane;Perez;palmerbrandon@example.org;22/03/2022
717;Luis;Wilson;bjimenez@example.net;06/07/2022
718;Michelle;Allen;qmcmillan@example.net;27/04/2022
719;Billy;Murphy;rioscraig@example.com;31/12/2021
720;Marissa;Rollins;zacharygarcia@example.com;21/06/2021
721;Austin;Durham;kgarcia@example.net;12/03/2024
722;Christopher;Duncan;lori07@example.com;11/02/2023
723;Kurt;Wallace;vortiz@example.com;29/05/2022
724;Eric;Montes;kellymills@example.com;24/01/2022
725;Sarah;Guzman;urodriguez@example.net;22/03/2022
726;Victor;White;scott65@example.org;22/07/2020
727;Amy;Johnson;shirley16@example.com;04/06/2023
728;Amanda;Carson;mevans@example.com;25/03/2022
729;Daniel;Clayton;curryangela@example.com;10/09/2022
730;Ashley;Smith;dustinrobinson@example.net;25/05/2023
731;Jaime;Skinner;wchurch@example.net;16/07/2022
732;Matthew;Silva;valeriejohnson@example.net;04/04/2022
733;Christopher;Kramer;vedwards@example.net;30/04/2024
734;Lauren;Maxwell;emaddox@example.com;08/10/2021
735;Adrienne;Hensley;cobbcrystal@example.net;21/12/2022
736;Michele;Bray;wjones@example.com;04/06/2023
737;Edward;Jones;kristy14@example.com;24/03/2021
738;Jillian;Washington;luismays@example.org;02/05/2024
739;Laura;Mccarthy;andreapruitt@example.org;08/05/2020
740;Kenneth;Vargas;douglas33@example.org;09/07/2021
741;Jonathan;Cain;ggarcia@example.org;02/03/2020
742;Kristen;Riggs;freemanjames@example.com;11/07/2023
743;Jeffrey;Schneider;tleblanc@example.com;17/12/2022
744;Shawn;Stone;diane03@example.com;09/05/2020
745;Arthur;Henderson;dnicholson@example.com;17/05/2020
746;Renee;Fuller;kristinhawkins@example.net;22/11/2023
747;Paul;Palmer;amberanderson@example.com;08/11/2022
748;Michael;Garner;wyattmichael@example.com;14/05/2022
749;William;Gardner;fhunter@example.com;11/06/2021
750;Jacob;Simpson;usanchez@example.org;28/07/2020
751;Wanda;Schultz;stacey25@example.com;21/09/2022
752;Dawn;Lee;ulozano@example.com;02/05/2023
753;Emily;Bender;veronicasmith@example.net;17/10/2020
754;Larry;Malone;paul52@example.org;11/05/2023
755;Carol;Vincent;xbrown@example.net;28/12/2019
756;Kathryn;Spencer;gwu@example.com;02/06/2021
757;Victoria;Molina;angela72@example.com;24/07/2024
758;Stephanie;Williams;dreed@example.com;21/07/2022
759;David;Zamora;morenowendy@example.org;22/11/2023
760;Keith;Burns;ramosrichard@example.org;04/07/2021
761;Melissa;Smith;johnsoncynthia@example.com;15/11/2022
762;Katherine;Johnson;gregory83@example.net;03/01/2024
763;Matthew;Schwartz;jleonard@example.com;06/09/2023
764;Maria;Guerrero;adrianpetersen@example.net;18/01/2024
765;Raymond;Hernandez;stephanierasmussen@example.com;12/12/2019
766;Tiffany;Holt;amcdonald@example.org;21/02/2023
767;Diane;Harding;tina55@example.org;28/08/2023
768;Jessica;Brown;john12@example.net;30/01/2020
769;Dawn;Thompson;brendangray@example.com;09/12/2019
770;Timothy;Leon;millermonica@example.net;06/05/2022
771;Robert;Patton;cdixon@example.com;30/11/2020
772;William;Martin;adambrennan@example.net;12/01/2021
773;Bruce;Pham;heatherlong@example.org;20/01/2024
774;Nina;Allen;steve22@example.org;06/08/2020
775;Joshua;Williams;daniel92@example.org;31/10/2023
776;Leah;Schneider;vpierce@example.com;07/12/2021
777;Larry;Wilson;jeffreybennett@example.net;06/10/2022
778;Taylor;Lopez;holmeslori@example.net;15/04/2020
779;Tracey;Wade;mroman@example.com;02/04/2020
780;Kayla;Hamilton;rothalexandra@example.org;09/07/2024
781;Tiffany;Davis;princematthew@example.org;07/08/2021
782;Suzanne;Holmes;robinmcdowell@example.org;02/03/2022
783;Joseph;Estrada;terrence71@example.net;07/06/2024
784;Fernando;Gomez;perezkristen@example.com;25/03/2024
785;Ashley;Carlson;oconnorjessica@example.org;02/12/2020
786;Deborah;Thompson;smithderek@example.com;09/12/2019
787;Denise;Schmidt;emily39@example.org;07/07/2022
788;Robin;Davis;hoodmichael@example.org;23/04/2023
789;Karen;Lane;leslie43@example.com;02/04/2024
790;Heather;Jefferson;pcooper@example.org;26/07/2020
791;Daniel;Roberts;yanderson@example.com;23/02/2021
792;Connie;Garner;crowe@example.com;13/03/2024
793;Amy;Barr;kimroy@example.org;08/08/2024
794;Doris;Spencer;ntaylor@example.org;23/03/2023
795;Eric;Jones;bmartin@example.net;10/12/2020
796;Kimberly;Gibson;katrina79@example.net;04/04/2024
797;Christine;Ramos;shawnamoses@example.com;19/11/2021
798;Sara;Weaver;estradaisaiah@example.net;24/12/2023
799;Angela;Foley;johnsoncatherine@example.org;12/07/2022
800;Steven;Peterson;caitlinwright@example.net;10/10/2023
801;Sarah;Woodard;anthony96@example.com;05/09/2023
802;Tyler;Lyons;rparker@example.org;08/01/2021
803;Mitchell;Sexton;amandajohns@example.net;15/10/2020
804;Robert;Watkins;trodriguez@example.com;01/10/2022
805;Laura;Russell;pamela64@example.net;25/10/2022
806;Charles;Green;robertkim@example.com;26/12/2019
807;Steven;Diaz;joseph16@example.org;24/04/2022
808;Maurice;Page;etorres@example.com;05/07/2024
809;Anthony;Ramos;ycole@example.org;11/07/2021
810;Samantha;Green;nathanpeters@example.org;30/03/2021
811;Vanessa;Johnson;zhangmelanie@example.org;19/01/2020
812;Kimberly;Adams;roneill@example.org;11/02/2024
813;Andrea;Braun;dianasmith@example.com;01/12/2020
814;Dalton;Sanders;amy63@example.org;14/04/2021
815;Matthew;Dodson;lwilliams@example.com;28/12/2020
816;Elizabeth;Sanchez;dpadilla@example.net;08/04/2023
817;Heather;Johns;mannmark@example.org;07/07/2020
818;Ray;Lin;martintodd@example.net;20/01/2024
819;Jeffrey;Arnold;qwagner@example.com;16/01/2022
820;Robert;Clarke;slopez@example.net;09/10/2023
821;Melody;Ray;jennifer47@example.org;22/03/2024
822;Edward;Hess;jordanjessica@example.org;22/11/2021
823;Charles;Myers;pamelamiller@example.org;01/05/2023
824;Matthew;Howard;ashleycooper@example.net;03/07/2022
825;Carmen;Diaz;steven44@example.net;28/09/2021
826;Rhonda;Montgomery;maria85@example.org;19/05/2022
827;Jasmine;Serrano;allison24@example.com;19/11/2020
828;Gene;Perez;robertsonkayla@example.com;01/03/2021
829;Summer;Smith;melissaquinn@example.net;04/04/2024
830;Daniel;Odonnell;ahayes@example.com;29/03/2020
831;Catherine;Bradley;janet01@example.net;16/02/2020
832;Christopher;Bailey;lisa17@example.net;26/07/2024
833;Joseph;Ibarra;cookthomas@example.com;07/03/2021
834;Dana;Jackson;jbowen@example.net;12/06/2023
835;Matthew;Gardner;edwardssydney@example.com;31/08/2022
836;Rita;Brown;hoganryan@example.org;17/07/2022
837;Chad;Dominguez;johnsimmons@example.org;13/08/2024
838;Samantha;Gilmore;ushaffer@example.org;11/09/2023
839;Brian;Dean;johnrodriguez@example.org;25/08/2023
840;Patrick;Cain;qmiller@example.org;27/08/2020
841;Jason;Taylor;james89@example.com;10/10/2019
842;David;Parker;alfredbryant@example.com;02/10/2022
843;Pamela;Shaffer;robert69@example.net;14/03/2024
844;Monica;Newton;amandamunoz@example.com;11/12/2019
845;Veronica;Guerra;brandycasey@example.net;03/08/2021
846;Megan;Young;lsummers@example.org;04/12/2021
847;Rachel;Anderson;dylan02@example.net;01/07/2023
848;Lauren;Lowe;mcculloughjames@example.net;02/12/2020
849;Michelle;Morgan;jonesangela@example.net;09/12/2023
850;Michelle;Smith;abbottashley@example.com;19/04/2021
851;Megan;Khan;jasminevega@example.com;21/04/2021
852;Rachel;Ortiz;etrujillo@example.net;12/04/2020
853;Scott;Casey;elizabethking@example.com;21/06/2021
854;Cynthia;Stevens;dukemonica@example.net;22/12/2019
855;Andre;Rosales;cordovadavid@example.org;28/05/2023
856;Christine;Clark;shermanrussell@example.net;23/05/2023
857;David;Stewart;cameron31@example.com;17/08/2021
858;Jessica;Holt;james91@example.net;03/07/2020
859;Marcus;Simpson;zsanders@example.com;18/06/2022
860;Antonio;Smith;tedwards@example.org;10/09/2021
861;Michael;Smith;sryan@example.com;16/10/2021
862;Mallory;Macdonald;floresmallory@example.com;27/09/2020
863;Deborah;Fuller;imiller@example.org;14/08/2020
864;Joanna;Villegas;henrymckenzie@example.org;07/09/2020
865;Taylor;Mercer;jennifergreer@example.net;19/12/2020
866;Kevin;Stokes;diane68@example.net;19/07/2020
867;Carl;Vincent;barryharrison@example.com;30/07/2024
868;Craig;Farrell;kirstenmedina@example.org;24/07/2024
869;Barry;Payne;chase81@example.org;17/06/2024
870;John;Smith;bakeralyssa@example.com;27/12/2023
871;Stephanie;Higgins;jacobnolan@example.org;07/02/2022
872;Angela;Chambers;lnichols@example.net;29/06/2020
873;Andrea;Dennis;bakerstephanie@example.com;03/01/2021
874;Thomas;Calhoun;lprice@example.org;01/03/2020
875;Jesse;Ellison;phillipsjoseph@example.org;30/08/2022
876;Dennis;Flowers;lopezjennifer@example.net;27/03/2022
877;Nicholas;Clark;martinsherri@example.com;02/03/2022
878;Sophia;Nguyen;lisa25@example.net;25/12/2021
879;Jason;Walsh;grantcarol@example.com;07/07/2024
880;Joseph;Wright;christinajones@example.org;16/10/2019
881;Zachary;Davidson;omora@example.com;16/11/2023
882;James;Kelley;rachel80@example.net;21/05/2024
883;Cheryl;Avila;khancock@example.com;29/03/2022
884;Chelsey;Moore;pkennedy@example.com;12/06/2021
885;Amy;Jordan;jennifermoon@example.org;26/07/2023
886;James;Conway;jocelyn90@example.org;03/01/2020
887;Carol;Wells;daniel20@example.org;04/08/2020
888;Brandon;Knapp;karenallen@example.com;04/11/2020
889;Kevin;Miller;nina47@example.net;06/10/2022
890;Jason;Norman;lbrown@example.net;14/04/2022
891;Martha;Jones;esummers@example.net;11/09/2021
892;Christian;Schmidt;nsoto@example.org;29/09/2023
893;Brianna;Hardy;amcclain@example.org;05/11/2022
894;Anthony;Mcconnell;kevinrussell@example.com;02/09/2021
895;Mathew;Mills;joelevy@example.com;22/07/2022
896;Tina;Williams;warrencarlos@example.net;03/06/2024
897;Robert;Montgomery;moniqueaguirre@example.com;23/01/2021
898;Dale;Kelley;payala@example.org;15/05/2020
899;Wendy;Hatfield;katherinestewart@example.net;25/03/2023
900;Bethany;Wong;tim74@example.org;30/12/2020
901;Felicia;Harvey;nathan78@example.com;23/10/2022
902;Elizabeth;Jones;jennifer54@example.net;16/04/2022
903;Jordan;Mooney;patrick25@example.org;27/05/2022
904;Jordan;Young;brenda55@example.net;01/04/2024
905;Tiffany;Cook;orodriguez@example.org;11/07/2022
906;Valerie;Robinson;evansjulie@example.com;22/11/2022
907;James;Hines;istark@example.net;31/07/2024
908;Stephanie;Pineda;cassandragarcia@example.net;06/12/2021
909;Sherri;Terry;lross@example.net;18/11/2023
910;Richard;Payne;valenciajennifer@example.net;06/08/2021
911;Kim;Johnson;dterrell@example.org;08/04/2021
912;Christine;Bennett;nwalsh@example.com;05/03/2023
913;Gina;Potter;ipennington@example.net;25/08/2022
914;Matthew;Bailey;othomas@example.com;01/12/2019
915;Jason;Sparks;cjohns@example.net;27/01/2024
916;Isaiah;Moore;moralesjerry@example.org;17/03/2021
917;Sarah;Wilson;ymorris@example.net;04/03/2024
918;Tonya;Gibson;kperez@example.net;27/11/2019
919;Jacob;Perkins;danielbrennan@example.com;17/07/2020
920;Andrea;Ramos;ryan78@example.org;21/10/2022
921;Ann;Moore;lopezstephanie@example.org;18/02/2023
922;Karen;Ramirez;jmoss@example.com;01/12/2023
923;Joseph;Smith;jeremy97@example.com;24/02/2020
924;Martin;Brown;martinglass@example.org;13/09/2022
925;Stephanie;Clark;gwheeler@example.com;27/05/2020
926;Helen;Pugh;jasonleon@example.net;09/02/2020
927;Michael;Webb;harringtonrenee@example.net;22/01/2024
928;Franklin;Johnson;taylorjonathan@example.org;13/11/2022
929;Robert;Martin;weaverfrank@example.com;29/12/2021
930;Kevin;Torres;michaeladams@example.org;15/11/2021
931;Jonathan;Baldwin;abigail42@example.net;27/12/2022
932;Mariah;Smith;marylamb@example.net;20/11/2019
933;Caitlin;Lawson;prestonlisa@example.com;12/02/2020
934;Robert;Jones;lhansen@example.net;09/11/2020
935;Anthony;Howard;longmichael@example.org;03/08/2024
936;Natalie;Johnson;aphillips@example.org;24/07/2024
937;Lynn;Snyder;jamesbrown@example.net;22/11/2022
938;Haley;Holt;buckmaria@example.com;11/04/2020
939;Cameron;Freeman;johnduncan@example.org;28/11/2021
940;Vincent;Sutton;morancindy@example.net;19/03/2024
941;Stephen;Johnson;vhale@example.com;23/01/2022
942;Michelle;Barnes;lyoung@example.org;07/12/2022
943;Sarah;Martin;petersensandra@example.net;28/02/2020
944;David;Daniels;brianna83@example.net;04/06/2022
945;Richard;Hutchinson;sscott@example.com;15/01/2023
946;Kim;Keller;richard07@example.net;24/06/2020
947;Samantha;Cook;kristin58@example.org;30/09/2022
948;Robert;Reyes;alexadavis@example.org;04/11/2019
949;Jennifer;Perez;jasminejohnson@example.net;04/05/2023
950;Steven;Murray;cesarrivera@example.net;20/08/2024
951;Kevin;Martinez;cunninghamcheryl@example.org;12/06/2024
952;Shane;Edwards;jonesalicia@example.com;17/02/2021
953;Robert;Alvarado;chelseaadams@example.net;23/06/2022
954;Mikayla;Miller;olsondouglas@example.org;16/10/2019
955;Donald;Davis;rivasjessica@example.org;06/04/2020
956;Sherry;Fox;samantha95@example.net;18/04/2022
957;Steven;Dean;richardsbrianna@example.org;18/05/2020
958;Kevin;Ruiz;tperez@example.org;06/10/2019
959;Mark;Randall;castillolee@example.org;15/09/2023
960;Christopher;Rice;jacobsjames@example.net;31/05/2024
961;Richard;Ingram;david02@example.org;19/12/2020
962;Christine;Mcfarland;roberto58@example.com;14/04/2020
963;Keith;Obrien;ajenkins@example.net;28/03/2023
964;Betty;Jefferson;jasonthompson@example.org;10/03/2024
965;Jennifer;Ortiz;rfreeman@example.org;22/03/2022
966;Matthew;Tran;lopezjeremy@example.net;27/06/2024
967;Joshua;Hawkins;larry67@example.com;16/10/2021
968;Tanner;Hutchinson;scottcalderon@example.net;06/10/2022
969;David;Casey;lisa43@example.net;28/10/2021
970;Jonathan;Brown;ryan92@example.org;24/10/2022
971;Austin;Edwards;sandrakim@example.com;23/04/2022
972;Lauren;Snyder;douglas82@example.com;16/09/2020
973;Calvin;Bentley;robin36@example.net;14/10/2021
974;Keith;Woods;hnelson@example.net;27/09/2021
975;Christopher;Wang;tzavala@example.org;28/02/2022
976;Michelle;Keith;david57@example.net;22/02/2020
977;Emily;Fitzpatrick;eric79@example.org;23/08/2020
978;Samuel;Fox;ecampbell@example.com;23/01/2022
979;Patricia;Ward;wilsonmelissa@example.org;05/06/2021
980;Alexander;Greene;pattersontraci@example.com;10/03/2024
981;Elijah;Wells;bryanthomas@example.com;11/06/2021
982;Andrea;Dunlap;fpotter@example.org;14/01/2022
983;Nathan;White;phillipsmichael@example.org;28/07/2020
984;Michaela;Cline;benjamin26@example.net;03/04/2021
985;Brittany;Winters;jamesgeorge@example.org;16/05/2024
986;Megan;Snyder;yallison@example.com;05/09/2021
987;Gabriel;Blevins;matthewoliver@example.org;26/05/2020
988;Daniel;Burgess;scott88@example.com;05/07/2024
989;Ashley;Williams;justin81@example.org;30/09/2019
990;Antonio;Martinez;robertflowers@example.net;14/11/2019
991;Jerome;Mcfarland;amayer@example.com;19/06/2023
992;Tiffany;Bell;alexander25@example.org;06/10/2023
993;Kendra;Brown;stacysimpson@example.org;06/11/2020
994;Stephanie;Lewis;michellereynolds@example.com;30/08/2023
995;Ian;Choi;selena81@example.com;19/12/2019
996;Rachel;Collins;kylewalker@example.org;06/06/2024
997;Kelly;Bennett;donald05@example.org;01/12/2021
998;Rhonda;Thompson;anthony40@example.net;21/05/2020
999;Erin;Johnson;gwilliams@example.org;26/11/2019
1000;Anthony;Davidson;caseyreed@example.net;07/11/2020
1001;Anne;Brooks;kelsey02@example.org;04/06/2024
1002;Amanda;Schultz;ucastro@example.com;28/05/2023
1003;Gabrielle;Brown;valenzuelasydney@example.net;20/05/2022
1004;Sarah;Rivas;qpotts@example.net;26/06/2020
1005;Kimberly;Williams;ucarter@example.com;03/09/2019
1006;Zachary;Munoz;carolyn82@example.net;09/02/2024
1007;Keith;Russell;bryanteric@example.net;20/07/2022
1008;Pamela;Chavez;glennjennifer@example.org;12/09/2021
1009;Zachary;Cruz;cramirez@example.net;13/02/2022
1010;Linda;Jenkins;shanecervantes@example.net;20/07/2021
1011;Cassandra;Bates;timothycolon@example.com;18/11/2022
1012;Shane;Elliott;staciemoore@example.com;16/03/2023
1013;Patricia;Mckinney;michelenunez@example.net;13/09/2022
1014;Crystal;Hamilton;marcus66@example.net;23/11/2023
1015;Janet;Wilson;bradykaren@example.org;17/10/2020
1016;Kurt;Carr;robertwilson@example.org;05/03/2024
1017;Frederick;Adams;pcooper@example.net;19/12/2022
1018;John;Cox;juliadonovan@example.com;27/04/2022
1019;Rachel;Howe;lestermichael@example.net;15/08/2023
1020;Michael;Cannon;omartin@example.net;11/04/2024
1021;Lisa;Greene;ricardo77@example.org;30/11/2023
1022;Crystal;Becker;sheppardnicole@example.net;17/11/2019
1023;Stacy;Rodriguez;matthewpowers@example.org;20/03/2024
1024;David;Sanders;nathanielevans@example.net;23/07/2024
1025;Brenda;Henry;holly50@example.net;28/02/2023
1026;Joshua;Stewart;toddguzman@example.org;15/05/2021
1027;Michele;Burton;gonzalezcindy@example.net;01/08/2021
1028;Shawn;Fletcher;diana09@example.net;19/09/2022
1029;Jeffrey;Alvarez;oray@example.net;04/09/2022
1030;Darrell;Robinson;swilliamson@example.com;14/03/2020
1031;David;Lloyd;david31@example.com;03/03/2020
1032;Kelly;Roberts;pattonbrenda@example.org;07/03/2021
1033;Angela;Hall;davismark@example.org;25/01/2024
1034;Rachel;Ryan;bowentroy@example.org;11/06/2023
1035;Brett;Winters;ssantos@example.org;17/10/2023
1036;Anthony;Fisher;matthewhester@example.org;02/10/2023
1037;Michael;Middleton;marquezsandra@example.net;23/10/2020
1038;Curtis;Vasquez;vfarley@example.net;26/06/2021
1039;Barbara;Melendez;zgonzales@example.net;21/11/2020
1040;Mary;Cortez;karinamartin@example.net;03/06/2023
1041;Shane;Wells;teresabutler@example.org;14/09/2020
1042;Brent;Stanley;travisconrad@example.org;30/06/2022
1043;John;Floyd;riceandres@example.org;27/06/2021
1044;Andrea;Jones;chelsea32@example.net;15/08/2021
1045;Samantha;Cooper;daniel72@example.com;11/08/2021
1046;Richard;Fitzgerald;kellygregory@example.com;05/01/2024
1047;Adam;Foster;kelly23@example.net;25/12/2019
1048;Kenneth;Green;cduncan@example.net;29/07/2020
1049;Cesar;Evans;qcooke@example.net;28/10/2023
1050;Whitney;Ellis;fordandrew@example.com;04/02/2021
1051;Timothy;Shea;ylyons@example.org;15/04/2022
1052;Carolyn;Johnson;santiagodavid@example.net;17/04/2020
1053;Alexander;Brown;frubio@example.com;11/10/2022
1054;Carmen;Morse;djohns@example.net;18/05/2020
1055;Wendy;Esparza;wtaylor@example.net;01/07/2023
1056;Lisa;Thomas;townsendjanet@example.net;28/07/2023
1057;Joshua;Gross;michelle65@example.net;11/03/2021
1058;Heather;Franklin;hernandezpaula@example.org;30/12/2022
1059;Douglas;Lee;gentrymichael@example.org;22/10/2021
1060;Jamie;May;christina95@example.com;18/09/2019
1061;Mark;Cowan;jbrown@example.net;06/10/2023
1062;Karen;Stephens;cbyrd@example.com;21/11/2020
1063;Amanda;Padilla;morrismary@example.org;30/09/2021
1064;Maria;Martinez;chad65@example.net;05/10/2021
1065;Daniel;Campos;crystal88@example.com;16/04/2022
1066;Troy;Soto;mariapatton@example.net;14/09/2022
1067;Sandra;Green;rmcclain@example.org;21/09/2022
1068;Frank;Williams;alexander00@example.com;29/07/2022
1069;Kimberly;Morales;alvarezjohn@example.net;20/03/2024
1070;Andrea;Benitez;ashley66@example.net;29/08/2022
1071;Danny;Wilson;leroyconley@example.net;18/01/2022
1072;Janet;Molina;gabrielle74@example.com;17/09/2019
1073;Diane;Dawson;tonyarivera@example.com;02/12/2021
1074;Edwin;Carpenter;mooreheather@example.org;12/04/2023
1075;Pamela;Johnson;hesscandice@example.com;25/10/2022
1076;Marie;Zuniga;robertreyes@example.net;07/01/2021
1077;Daniel;Pope;stephanie77@example.net;15/11/2020
1078;Marie;Burke;thorn@example.com;12/04/2021
1079;Michael;Gross;sandersbrett@example.net;08/03/2023
1080;David;Andrews;benjamin68@example.org;14/10/2020
1081;Zachary;Buckley;george62@example.net;25/06/2022
1082;Mark;Rivera;mcdonaldkaren@example.net;18/08/2024
1083;Troy;Smith;kerrjustin@example.com;22/08/2023
1084;Bonnie;White;cherylpeterson@example.org;10/07/2024
1085;Amber;Johnson;jared37@example.org;15/08/2024
1086;Chris;Case;jillianmacdonald@example.net;22/08/2020
1087;Gary;Booth;hoffmanheather@example.org;16/05/2023
1088;Logan;Ford;qcook@example.com;11/03/2024
1089;Lisa;Mercer;phillipfarley@example.com;18/01/2024
1090;Rebecca;Hunter;loriroth@example.com;13/11/2023
1091;Robert;Mccormick;steven51@example.org;30/09/2020
1092;Michelle;Gutierrez;christopherbradley@example.com;19/01/2021
1093;Robert;Wilson;robin28@example.org;23/06/2022
1094;Elizabeth;Hurst;ufriedman@example.net;20/08/2021
1095;Nicholas;Gomez;ronaldwright@example.com;19/02/2023
1096;James;Hines;timothy67@example.net;07/08/2023
1097;Robert;Solis;whitakerkyle@example.net;09/05/2024
1098;Lisa;Houston;michelepatel@example.com;04/12/2020
1099;Stephanie;Carr;castanedakayla@example.org;30/11/2020
1100;Jessica;Bird;michelle46@example.org;06/04/2021
1101;Jerry;Davis;pmccoy@example.com;29/11/2021
1102;Kathryn;Walton;karen58@example.net;28/02/2020
1103;Jon;Hensley;moorepatricia@example.org;15/05/2021
1104;Kathleen;Taylor;fsims@example.net;28/12/2021
1105;Michelle;Lyons;cherylblevins@example.org;16/01/2020
1106;Samuel;Clark;jeffrey83@example.net;29/10/2021
1107;Michael;Macdonald;riveraanthony@example.com;20/04/2024
1108;Shelby;Brown;amanda66@example.org;27/07/2020
1109;Veronica;Hernandez;smithbrittany@example.com;09/09/2022
1110;Manuel;Bullock;jayarroyo@example.com;13/01/2020
1111;Anna;Dillon;bbrown@example.com;31/05/2023
1112;Melanie;Weaver;petersonryan@example.org;28/12/2020
1113;Jared;Kim;fordmandy@example.net;12/07/2024
1114;Stephanie;Robertson;edward34@example.org;28/11/2020
1115;Shannon;Santiago;mackenzie34@example.org;10/01/2021
1116;Michael;Ryan;lisa42@example.net;28/08/2020
1117;Brandon;Ruiz;kyang@example.net;06/01/2022
1118;Danielle;Brown;gshea@example.com;18/04/2021
1119;Katherine;Burnett;vaughannathan@example.org;23/07/2022
1120;Joseph;Allen;cynthia24@example.com;26/03/2022
1121;Lisa;Mendoza;oscarespinoza@example.com;27/11/2023
1122;Leslie;Taylor;melissa77@example.com;03/09/2019
1123;Amy;Steele;browncharles@example.com;14/12/2019
1124;Kelli;Guerrero;egeorge@example.org;29/12/2020
1125;Melvin;Brown;bcaldwell@example.net;30/11/2019
1126;Gary;Russell;flong@example.com;06/04/2021
1127;Stuart;Hooper;jacquelinemassey@example.net;26/12/2023
1128;Dominic;Ponce;janet70@example.com;25/08/2024
1129;Thomas;Swanson;browndebra@example.net;08/09/2023
1130;Charles;Montoya;wilsondennis@example.org;09/05/2023
1131;Kristen;Howard;sbell@example.org;24/10/2020
1132;Kimberly;Noble;rpittman@example.com;29/04/2021
1133;Anna;Jensen;dennisking@example.net;22/01/2021
1134;Laurie;Martinez;morganbeverly@example.com;01/01/2021
1135;Denise;Stone;andersonamber@example.net;31/10/2022
1136;Shawn;Gonzalez;derekdickson@example.org;31/07/2024
1137;Lisa;Hammond;adamsmith@example.com;15/12/2022
1138;Christopher;Willis;maxwellgregory@example.net;12/03/2023
1139;Emily;Harper;zgarrison@example.org;09/12/2020
1140;Craig;Baldwin;johnhayes@example.net;16/08/2021
1141;Jennifer;Brown;rossstephanie@example.com;29/09/2021
1142;Ashley;Thompson;kathryn47@example.org;20/09/2023
1143;Brianna;Horn;richardbryant@example.com;09/04/2023
1144;Anthony;Butler;michael62@example.com;30/12/2022
1145;Kimberly;Cruz;andrewbowman@example.net;31/05/2024
1146;Geoffrey;Burch;leslie52@example.net;07/10/2019
1147;Juan;Hill;coryrodriguez@example.net;09/04/2023
1148;Kimberly;Graham;james51@example.com;07/07/2020
1149;Lisa;Bowman;ubennett@example.org;26/09/2021
1150;Nicolas;Fields;alisonsmith@example.com;17/06/2022
1151;Jackie;Griffith;kguzman@example.net;19/08/2022
1152;Christopher;Page;justinberger@example.com;03/08/2021
1153;Charlene;Leblanc;wardalicia@example.org;06/10/2020
1154;John;Brewer;zburke@example.com;05/02/2021
1155;Nicole;Carter;caitlinwest@example.org;17/07/2023
1156;Monica;Compton;derekdouglas@example.com;24/11/2023
1157;Gabriela;Schneider;plewis@example.com;31/07/2022
1158;Willie;Villarreal;enichols@example.com;25/04/2021
1159;Anna;Valentine;hunteddie@example.com;07/01/2023
1160;Alyssa;Massey;brianroberts@example.com;13/12/2019
1161;Jacqueline;Ruiz;ashleysmith@example.org;18/05/2021
1162;Chad;Sawyer;meganberry@example.org;25/12/2022
1163;George;Preston;alexandra43@example.org;30/04/2020
1164;Donald;Hall;vramos@example.org;07/01/2021
1165;Karen;Price;thomasvillegas@example.com;06/07/2020
1166;Emma;Jenkins;lisa33@example.net;12/01/2024
1167;Jessica;Martin;jthompson@example.org;23/09/2022
1168;Heidi;Graves;daniel16@example.org;29/01/2024
1169;Scott;Adams;john70@example.com;05/04/2023
1170;Cynthia;Lee;davisdylan@example.org;17/02/2021
1171;David;Smith;ndavidson@example.net;24/06/2024
1172;Lisa;Morris;schroederjason@example.com;04/12/2023
1173;Jeanette;Murphy;angelachandler@example.com;06/04/2022
1174;Katelyn;Odonnell;vmyers@example.net;12/05/2021
1175;Francisco;Lopez;alishasmith@example.com;02/05/2021
1176;Michelle;David;jamiedavis@example.org;20/05/2023
1177;Karen;Hill;murphyjames@example.org;19/11/2021
1178;Andrew;Lopez;austin37@example.com;14/12/2019
1179;Bethany;Curtis;tammy27@example.org;08/11/2022
1180;Charles;Valenzuela;kenneth67@example.com;05/06/2024
1181;Ellen;Harris;medwards@example.org;06/01/2022
1182;Angela;Lucas;tina05@example.com;29/05/2021
1183;Steven;Williams;michaeljones@example.net;13/11/2021
1184;Angela;Rodriguez;ncline@example.com;06/01/2023
1185;Misty;Taylor;sporter@example.com;30/05/2023
1186;John;Quinn;laura53@example.org;09/03/2022
1187;Rachel;Miller;briggskeith@example.org;12/06/2024
1188;Thomas;Wright;justinwarren@example.net;16/09/2022
1189;Edward;Fields;brandyjames@example.org;11/07/2021
1190;Nicholas;Green;adamsrobert@example.org;23/07/2023
1191;Barbara;Campbell;eric02@example.org;09/04/2024
1192;Brian;Villegas;kimberly35@example.net;27/06/2022
1193;Ryan;Clarke;andersonjermaine@example.org;30/05/2020
1194;Thomas;Huffman;timothyalvarado@example.org;20/06/2022
1195;Diana;Zuniga;ichen@example.org;25/09/2019
1196;Beverly;Smith;joseph83@example.org;26/11/2019
1197;Tammy;Reeves;ashleysnyder@example.com;06/09/2023
1198;Brittany;Lewis;ddowns@example.org;04/09/2020
1199;Marc;Cochran;nstone@example.org;30/06/2022
1200;Christine;Lloyd;katelyn70@example.org;29/10/2019
1201;Rachel;Davis;browncarolyn@example.com;14/10/2021
1202;Carol;Morris;teresagardner@example.net;24/09/2022
1203;Kristin;Wilson;richarddeleon@example.org;31/08/2022
1204;Denise;Cooper;ryanscott@example.org;13/06/2021
1205;Sarah;Fleming;martineztheresa@example.org;11/07/2023
1206;Stacy;Harrington;danielle34@example.net;20/05/2022
1207;Christina;Bates;kristinaschultz@example.org;01/09/2020
1208;Steven;Kidd;bethwright@example.org;25/09/2021
1209;Geoffrey;Gilmore;bmosley@example.net;27/07/2023
1210;Elizabeth;Osborn;vaughnashley@example.net;01/10/2019
1211;Dean;Liu;saundersrebecca@example.org;29/12/2019
1212;Nichole;Jefferson;maureenblanchard@example.com;03/02/2022
1213;Amanda;Combs;henry96@example.com;31/12/2019
1214;Jessica;Rivera;ramirezchristopher@example.net;18/10/2023
1215;David;Nguyen;martinezerica@example.net;28/09/2022
1216;Tina;Bell;ilarson@example.com;15/01/2022
1217;Jacob;Duncan;martinezmichael@example.net;14/02/2021
1218;Belinda;Barrett;scotthaynes@example.com;19/04/2024
1219;Tina;Stewart;amanda06@example.org;09/03/2022
1220;Luke;Willis;ipalmer@example.net;23/07/2021
1221;Angela;King;hmitchell@example.net;09/02/2023
1222;Christopher;Jordan;griffintroy@example.net;05/04/2023
1223;Trevor;Bishop;carolinegordon@example.com;09/12/2023
1224;Joyce;Young;vjones@example.com;18/06/2021
1225;David;Holmes;fischerlisa@example.org;29/08/2019
1226;Christopher;Torres;butlerkendra@example.com;16/05/2023
1227;Megan;Morrow;joshua34@example.com;26/06/2021
1228;Regina;Roberts;thomas90@example.org;14/07/2022
1229;Christopher;Carpenter;christydavis@example.com;20/05/2023
1230;Amanda;Calhoun;farmstrong@example.org;09/09/2023
1231;James;Garner;sarameza@example.org;25/05/2020
1232;Richard;Powers;tylermurphy@example.net;11/11/2021
1233;Dylan;Reynolds;marco95@example.com;03/12/2021
1234;James;Warren;laura08@example.org;03/04/2024
1235;Clinton;Dominguez;williamhammond@example.org;09/12/2022
1236;Steven;Hughes;hansoncameron@example.com;07/05/2020
1237;Jennifer;Figueroa;lori18@example.net;15/02/2023
1238;Connie;Gonzalez;jjohnson@example.net;11/01/2023
1239;Tracy;Cameron;cameron16@example.net;29/01/2020
1240;Eileen;Hunter;griffithkatherine@example.net;19/10/2023
1241;Jeremy;Davila;jeremycardenas@example.net;18/02/2022
1242;David;Wong;eric53@example.com;23/01/2023
1243;Donna;Powell;terrismith@example.com;04/10/2023
1244;Scott;Cooper;ylarson@example.com;29/03/2021
1245;Peter;Osborne;jennifer44@example.com;09/09/2020
1246;Leah;Rose;owang@example.com;11/07/2020
1247;David;Wilson;hailey88@example.org;22/07/2024
1248;Courtney;Chambers;taylorcherry@example.org;01/07/2021
1249;Bailey;Gonzales;xcantu@example.com;16/01/2020
1250;Deborah;Miller;kgentry@example.org;27/03/2023
1251;Darren;Robinson;garciajudith@example.com;11/03/2020
1252;Matthew;Jimenez;ualexander@example.org;29/03/2023
1253;John;Simon;joneskyle@example.org;27/05/2022
1254;Justin;Welch;dale75@example.com;22/11/2019
1255;Susan;Higgins;bberry@example.com;03/08/2024
1256;Yolanda;Jenkins;jesse54@example.org;14/12/2020
1257;Gregory;Hall;rleon@example.net;09/12/2019
1258;Randy;Gill;nfranco@example.com;27/03/2024
1259;Crystal;Chapman;debrasalazar@example.net;09/04/2024
1260;Patricia;Sanford;bjackson@example.org;26/11/2023
1261;Rhonda;Tran;karen20@example.net;22/11/2019
1262;Stacy;Holt;yjohnson@example.com;11/10/2022
1263;Amy;Newton;hernandezgregory@example.com;28/04/2024
1264;Victor;Johnston;amanda77@example.com;24/04/2022
1265;Cody;Dillon;jennifer09@example.net;05/04/2020
1266;Stephanie;Lopez;timothy61@example.net;10/06/2024
1267;Karen;Taylor;kerry94@example.org;21/03/2021
1268;Todd;Dixon;crystalstrickland@example.net;01/09/2022
1269;Erin;Moyer;johnbell@example.org;04/07/2023
1270;Robert;Mccormick;deborahatkinson@example.com;06/07/2024
1271;David;Bryant;scott43@example.net;29/06/2024
1272;Carrie;Townsend;stevengomez@example.com;26/07/2024
1273;Ronald;Crosby;cmarshall@example.com;16/05/2024
1274;Adrienne;Owen;leonpatricia@example.com;21/07/2023
1275;Jonathan;Merritt;tsmith@example.net;19/05/2024
1276;Eric;Gilmore;thomas94@example.org;12/08/2024
1277;Christopher;Baker;kevin76@example.net;23/05/2021
1278;Michael;Huerta;cookcameron@example.org;19/07/2024
1279;Nicholas;Wagner;dianetownsend@example.com;27/05/2024
1280;Stephanie;Ellis;ejones@example.com;01/12/2023
1281;Katelyn;Smith;elee@example.com;04/01/2024
1282;Kimberly;Pearson;jonescheryl@example.org;05/05/2020
1283;Wendy;Madden;marc12@example.org;01/06/2021
1284;Allison;Ross;kristopher24@example.com;04/04/2023
1285;Sarah;Taylor;stephanie41@example.com;19/03/2021
1286;Kevin;Powell;campostonya@example.net;17/07/2020
1287;Garrett;Scott;williamthomas@example.net;20/08/2023
1288;Kaitlyn;Bright;ijones@example.com;15/08/2022
1289;Caitlyn;Robbins;maria52@example.net;05/04/2024
1290;Jeremiah;Sanchez;brennaneric@example.org;03/07/2023
1291;Steve;Hughes;randyturner@example.net;10/07/2020
1292;Sean;Ortiz;cjames@example.org;12/10/2019
1293;Kyle;Vargas;mary88@example.com;22/05/2023
1294;Frances;Jones;ksharp@example.net;06/06/2020
1295;Heather;Martin;jessemiller@example.org;11/01/2021
1296;James;Moore;aprilroberts@example.org;22/01/2024
1297;Heidi;Foster;perrykristopher@example.org;27/10/2022
1298;James;Bush;huntdwayne@example.com;19/03/2024
1299;Amy;Davis;jamesknight@example.org;07/08/2020
1300;Kimberly;Jones;davidcampbell@example.net;03/09/2023
1301;Becky;Delacruz;grace70@example.org;15/09/2020
1302;Peter;Farrell;michael38@example.org;03/09/2020
1303;Robert;Arroyo;michael62@example.org;18/09/2022
1304;Heather;Griffith;greenkevin@example.com;11/09/2020
1305;John;Dawson;jwood@example.net;10/12/2019
1306;Molly;Jensen;nsherman@example.com;29/06/2024
1307;Charles;Duncan;elyons@example.net;18/07/2020
1308;Heather;Barber;olsonadam@example.org;29/08/2019
1309;Christina;Taylor;patrickjonathan@example.net;27/08/2021
1310;Christian;Hill;zjohnson@example.net;05/03/2020
1311;Brian;Edwards;thomas97@example.com;29/02/2024
1312;Krista;Zimmerman;robert02@example.com;19/06/2020
1313;Shawna;Erickson;robert02@example.com;24/11/2020
1314;Valerie;Crosby;jennifer93@example.org;04/07/2021
1315;Julie;Robinson;kevin96@example.org;17/10/2019
1316;Lisa;Taylor;lewiswilliam@example.com;22/03/2024
1317;Jason;Howard;lmercado@example.net;28/11/2019
1318;Johnny;Good;fmontgomery@example.org;20/04/2022
1319;Melissa;Scott;micheal15@example.com;07/12/2023
1320;Cody;Turner;jeremyharper@example.com;04/01/2022
1321;Wanda;Murphy;davissandra@example.com;18/04/2022
1322;Anthony;Elliott;sherismith@example.net;04/03/2020
1323;Zachary;Gillespie;bryan13@example.net;18/12/2022
1324;Katherine;Taylor;bcarlson@example.net;18/10/2022
1325;Troy;Douglas;ballgregory@example.com;20/02/2023
1326;James;Sims;meganmason@example.net;13/11/2020
1327;Vanessa;Mcmahon;william00@example.org;27/11/2019
1328;Kelsey;Moran;perezerica@example.com;05/05/2023
1329;Janet;Ellis;stephensfrank@example.net;23/11/2022
1330;Derek;White;kswanson@example.net;06/11/2021
1331;Joan;Price;bennettjohn@example.net;05/10/2021
1332;Melvin;Morris;james85@example.com;17/07/2023
1333;John;Olsen;michelehoward@example.org;18/10/2023
1334;Adrian;Hernandez;alexandragraham@example.com;25/03/2023
1335;Melissa;Jones;destinylewis@example.org;18/03/2021
1336;Kelly;Harper;joseph64@example.net;06/04/2023
1337;Michael;Contreras;bensonbruce@example.net;19/06/2020
1338;Michael;Hernandez;jamesmonroe@example.net;19/04/2022
1339;Christopher;Lamb;melissa33@example.net;17/08/2020
1340;Nicole;Arnold;wsimon@example.net;29/08/2019
1341;Tammy;Hill;zmurphy@example.net;20/09/2019
1342;Robert;Norris;reginald34@example.com;22/07/2021
1343;Samuel;Reyes;katieking@example.net;16/04/2024
1344;Juan;Byrd;steven71@example.net;09/03/2024
1345;Jessica;Acosta;campbellthomas@example.com;06/03/2024
1346;Kristine;Hernandez;jmcgee@example.com;03/09/2019
1347;Joseph;Wilkinson;shanewarren@example.net;06/02/2022
1348;Julie;Hartman;adkinsjason@example.org;21/03/2020
1349;Adrienne;Rodriguez;ffuentes@example.net;26/04/2022
1350;Ashley;Chambers;lallison@example.com;21/10/2019
1351;Valerie;Wilcox;xpoole@example.org;11/03/2024
1352;Stephen;Tapia;samuelfriedman@example.com;04/08/2021
1353;Ralph;Thomas;veronicadavis@example.com;17/07/2022
1354;Chase;Johnson;linda53@example.net;09/04/2020
1355;Laura;Smith;robertcoleman@example.com;21/10/2019
1356;Laura;Dixon;claudia98@example.org;03/03/2020
1357;Steven;Holland;megan58@example.net;20/03/2023
1358;Alex;Mcguire;lreyes@example.net;28/07/2021
1359;Haley;Davidson;jhawkins@example.com;07/09/2020
1360;Justin;Baker;jonesamanda@example.com;23/12/2023
1361;Samantha;Wells;brianclark@example.org;29/05/2023
1362;Melissa;Ritter;alexespinoza@example.net;02/05/2020
1363;Cindy;Lee;turnerrebekah@example.org;19/09/2020
1364;Jim;Calhoun;jacob73@example.org;16/05/2021
1365;Alexander;Chapman;kpatrick@example.net;06/12/2022
1366;Shelley;Smith;rachelgomez@example.com;22/10/2021
1367;Michele;Gilbert;vasquezvictoria@example.net;03/12/2021
1368;Jason;Avila;mcampbell@example.com;05/07/2023
1369;Michael;Nguyen;colliersavannah@example.net;28/03/2024
1370;Sara;Clark;millernicholas@example.com;30/04/2022
1371;Kelly;Pearson;durhamjonathan@example.net;29/11/2020
1372;Joseph;Patel;phelpskaren@example.org;08/04/2021
1373;Keith;Walsh;michael29@example.com;30/05/2023
1374;Michelle;Carr;sergioguzman@example.net;04/07/2021
1375;Sheila;Wheeler;antoniorobinson@example.net;29/04/2024
1376;Kristen;Williams;michaelsmith@example.org;14/01/2021
1377;Jason;Smith;michael30@example.net;18/03/2024
1378;Kimberly;Perez;kbrewer@example.com;13/10/2021
1379;Samuel;Bradley;brendadillon@example.org;20/05/2024
1380;Elizabeth;Sosa;brownolivia@example.net;14/04/2020
1381;Michelle;Hall;greenjacob@example.net;07/12/2023
1382;Micheal;Snyder;pamelafranklin@example.net;27/11/2021
1383;Stephanie;Alvarez;mark29@example.org;11/09/2023
1384;Christopher;Phelps;blackjoyce@example.com;09/03/2020
1385;Carol;Malone;petersonkristin@example.net;13/12/2022
1386;David;Gregory;ewilliams@example.net;10/03/2022
1387;Tammy;Smith;michaeljones@example.net;14/02/2020
1388;Scott;Rodriguez;angela16@example.net;08/02/2021
1389;Jacqueline;Campbell;coreyhebert@example.org;28/03/2023
1390;Catherine;Ray;icarlson@example.net;23/04/2023
1391;Hunter;Hansen;courtneywilliams@example.net;09/11/2020
1392;Ashley;Vasquez;audrey78@example.org;15/05/2024
1393;Stephen;Johnson;jobrien@example.net;26/04/2020
1394;Stacie;King;angelafrazier@example.net;21/12/2021
1395;Sandra;Clark;amy12@example.com;10/08/2021
1396;David;Vaughan;robertsmith@example.com;16/02/2023
1397;Janice;Lambert;tiffany48@example.org;15/09/2023
1398;Steven;Reese;hamiltonnicholas@example.net;02/01/2022
1399;Samantha;Johnston;david76@example.com;13/04/2023
1400;Kimberly;Moore;lukehenderson@example.com;06/04/2020
1401;Adam;Moreno;kreeves@example.net;13/05/2024
1402;Laura;Robinson;annanewton@example.org;14/04/2024
1403;Jaime;Heath;mahoneypeter@example.com;22/10/2020
1404;Cheyenne;Murphy;rodriguezkelly@example.net;26/08/2019
1405;Jason;Davis;hpham@example.com;26/03/2021
1406;Christine;Irwin;ethan91@example.net;26/02/2022
1407;Sarah;Smith;donnaharper@example.net;05/12/2020
1408;Justin;Patterson;brookesullivan@example.org;05/07/2021
1409;David;Gomez;cruzmichael@example.com;26/02/2024
1410;Cynthia;Ferrell;madams@example.com;26/06/2020
1411;Allison;Wu;elliottwhitney@example.org;09/06/2023
1412;Chelsea;Lozano;sarahhoffman@example.org;23/05/2021
1413;Linda;Baker;lacey93@example.org;29/08/2021
1414;Jaime;Reed;hunterjesse@example.org;30/10/2022
1415;Thomas;Gibson;jwalter@example.net;28/07/2021
1416;Virginia;Cole;glong@example.org;28/09/2020
1417;Dale;Young;alex73@example.com;17/05/2023
1418;Richard;Barron;ibrown@example.org;16/06/2021
1419;Donald;Smith;hschultz@example.com;27/09/2023
1420;Johnny;Smith;clarkmichael@example.com;16/07/2021
1421;Michael;Hamilton;walkertammy@example.com;30/10/2023
1422;Alexis;Pollard;owenmario@example.com;06/07/2024
1423;Curtis;Miranda;mhudson@example.net;01/06/2024
1424;Robert;Lambert;rosebowen@example.org;16/08/2021
1425;George;Arias;gjacobs@example.net;06/02/2020
1426;Mallory;Smith;armstrongrobert@example.com;27/08/2021
1427;Anthony;Rhodes;kpatterson@example.com;20/06/2020
1428;Christopher;Sanders;codycordova@example.net;31/10/2020
1429;Brett;Mckenzie;oweeks@example.com;27/09/2022
1430;Daniel;Roberts;ubarnes@example.com;21/08/2021
1431;Jennifer;Flores;joseph76@example.net;23/09/2020
1432;Richard;Jackson;margaretcannon@example.net;17/10/2023
1433;John;Dunn;ccarter@example.org;11/06/2020
1434;William;Ingram;cassandramejia@example.com;23/10/2020
1435;Mary;Waters;murphywilliam@example.com;23/03/2022
1436;Christine;Knox;xramos@example.org;10/03/2022
1437;Eric;Glass;stephaniethomas@example.net;25/05/2022
1438;Douglas;Bray;fitzgeraldmary@example.org;22/10/2023
1439;Christine;Livingston;amber47@example.net;29/04/2020
1440;Brandy;Boyd;jasonleblanc@example.com;13/10/2020
1441;April;Morris;diane87@example.com;15/11/2021
1442;Mario;Murray;medinaabigail@example.net;22/07/2024
1443;Kristina;Kane;tracy28@example.com;20/03/2023
1444;Alison;Villa;bonnie21@example.net;22/10/2019
1445;Matthew;Stewart;ujoseph@example.net;18/01/2021
1446;Erik;Mitchell;jennifer61@example.org;17/05/2024
1447;Tamara;Christensen;brianharrington@example.net;12/08/2021
1448;Jennifer;Bradley;rhonda86@example.com;04/01/2020
1449;Barbara;Carter;edward42@example.org;14/10/2021
1450;Katie;Jones;frobinson@example.org;26/11/2022
1451;Evan;Dougherty;jenniferramirez@example.com;14/10/2023
1452;Jennifer;Jones;zachary35@example.com;03/03/2020
1453;John;Boyle;davidsonjulia@example.org;31/12/2023
1454;Angela;Kline;david45@example.net;02/09/2023
1455;Samantha;Riley;zhughes@example.org;28/12/2021
1456;Rachel;Taylor;lucaszachary@example.org;14/03/2021
1457;Tyler;Adams;winterscynthia@example.org;25/11/2019
1458;Eric;Park;kimberly78@example.net;15/07/2023
1459;Brianna;Bond;maddendana@example.com;18/01/2023
1460;Marcus;Reid;ohopkins@example.org;27/06/2024
1461;Thomas;Wright;okelley@example.net;26/02/2022
1462;Michael;Nichols;audreycole@example.org;30/07/2021
1463;John;Ross;tinasmith@example.org;12/10/2022
1464;Lacey;Brown;jacqueline93@example.com;09/08/2024
1465;Brittney;Molina;kaylabishop@example.com;14/10/2020
1466;Amanda;Wilson;markmoran@example.net;17/08/2021
1467;Robert;Hansen;gregorysamantha@example.net;28/11/2023
1468;Susan;Allen;sarahthompson@example.org;15/03/2021
1469;Amy;Levy;taylorelizabeth@example.org;14/05/2023
1470;Daniel;Beard;pbrown@example.net;20/04/2021
1471;Shelby;Smith;grahamjames@example.org;18/05/2023
1472;Dwayne;Stout;wsutton@example.net;07/03/2024
1473;Shelly;Foley;melissapeters@example.org;23/06/2022
1474;Lisa;Gaines;thomas19@example.com;04/05/2023
1475;Scott;Perry;gregorywilson@example.com;15/03/2022
1476;Christine;Oconnor;william66@example.net;13/05/2020
1477;Jennifer;Salazar;zmcintyre@example.org;27/09/2022
1478;Matthew;Edwards;barrettnicholas@example.com;29/05/2023
1479;Robert;Little;smithjeffrey@example.com;22/08/2023
1480;Kyle;Rose;ujohnson@example.net;26/09/2022
1481;Leah;Morris;moodyjacqueline@example.com;11/11/2021
1482;Kathleen;Warner;raymondwilliams@example.org;30/04/2022
1483;Alicia;Henry;uboone@example.com;21/10/2021
1484;Nicole;Caldwell;kevin15@example.net;09/01/2021
1485;Jacob;Holder;beckyperkins@example.net;23/03/2020
1486;Nancy;Gregory;vstephenson@example.net;21/10/2022
1487;Sean;Cunningham;mscott@example.net;29/06/2023
1488;Alexander;Taylor;dsmith@example.com;12/11/2019
1489;Tonya;Rodriguez;lisalawrence@example.com;19/03/2022
1490;Michael;Pacheco;jamesdavid@example.net;25/07/2023
1491;Melissa;Johnson;pkoch@example.org;21/10/2023
1492;Bridget;Johnson;christiansmith@example.net;01/05/2021
1493;Stephen;Clark;shannon93@example.com;07/03/2023
1494;Jeremiah;Scott;russell84@example.net;03/03/2020
1495;Brianna;White;jrodriguez@example.org;25/09/2020
1496;Jamie;Medina;emily92@example.net;22/02/2020
1497;Lance;Duran;middletondaniel@example.com;19/09/2021
1498;Melissa;Murphy;oschmidt@example.com;10/01/2022
1499;Tina;Phillips;audrey86@example.org;18/03/2024
1500;Robert;Carlson;bobbylucas@example.com;09/02/2020
5001;Valery;Cruise;;18/05/2023
5002;Topo;Martin;;18/08/2024
