product_id;product_name;price
1;Reactive zero tolerance application;63.87
2;Streamlined bandwidth-monitored algorithm;85.08
3;Quality-focused empowering toolset;60.41
4;Robust bandwidth-monitored hardware;63.7
5;Cross-group bifurcated Local Area Network;84.09
6;Stand-alone encompassing synergy;66.23
7;Intuitive heuristic help-desk;87.04
8;Customizable logistical data-warehouse;11.17
9;Synchronized zero tolerance challenge;52.81
10;Compatible context-sensitive structure;46.86
11;Open-architected object-oriented firmware;49.4
12;Re-engineered directional initiative;94.94
13;Open-source directional conglomeration;37.61
14;User-centric user-facing product;18.13
15;Organic bandwidth-monitored strategy;70.59
16;Triple-buffered radical conglomeration;73.75
17;Virtual cohesive algorithm;32.14
18;Versatile bi-directional emulation;54.82
19;Polarized foreground open architecture;32.27
20;Open-architected demand-driven initiative;92.61
21;Synergistic transitional firmware;62.22
22;Upgradable dedicated standardization;65.02
23;Down-sized multi-state policy;35.09
24;Focused tangible functionalities;39.62
25;Synergized tertiary productivity;32.25
26;Operative 24hour open architecture;8.48
27;Ergonomic tertiary extranet;38.02
28;Organized 3rdgeneration software;90.65
29;Persistent maximized methodology;54.85
30;Front-line explicit data-warehouse;54.36
31;Balanced leadingedge website;64.16
32;Configurable attitude-oriented Local Area Network;69.77
33;Persevering logistical workforce;60.3
34;Ergonomic interactive process improvement;65.01
35;Implemented hybrid monitoring;22.53
36;Optional dedicated middleware;33.99
37;Synchronized maximized info-mediaries;28.2
38;Re-engineered analyzing circuit;23.27
39;Seamless modular functionalities;45.05
40;Upgradable leadingedge adapter;58.71
41;Cloned bi-directional standardization;59.49
42;Centralized holistic matrices;7.78
43;Up-sized explicit budgetary management;64.91
44;Down-sized eco-centric knowledgebase;80.17
45;Managed web-enabled standardization;61.05
46;Visionary upward-trending process improvement;44.51
47;Reduced intangible access;88.87
48;Cross-platform object-oriented secured line;23.92
49;Horizontal responsive matrices;18.54
50;Monitored tangible framework;91.22
51;Expanded solution-oriented service-desk;76.9
52;Ameliorated encompassing emulation;79.61
53;Diverse disintermediate analyzer;100.4
54;Re-engineered 3rdgeneration access;22.68
55;Implemented impactful website;78.94
56;Up-sized regional alliance;19.66
57;Seamless cohesive open architecture;82.05
58;Synchronized systemic middleware;67.85
59;Multi-tiered demand-driven intranet;81.53
60;Managed systematic migration;72.08
61;Future-proofed static moderator;48.36
62;Proactive stable superstructure;91.39
63;Enhanced coherent complexity;51.29
64;Mandatory intangible forecast;62.89
65;Vision-oriented context-sensitive projection;36.86
66;Networked bottom-line Graphical User Interface;96.8
67;Intuitive transitional neural-net;55.38
68;Adaptive bifurcated architecture;10.57
69;Public-key national knowledgebase;57.43
70;Enterprise-wide asynchronous toolset;21.94
71;De-engineered tertiary neural-net;35.22
72;Persistent high-level benchmark;73.0
73;Virtual methodical artificial intelligence;14.69
74;Future-proofed discrete leverage;43.47
75;Synchronized foreground time-frame;37.5
76;Customizable composite productivity;67.88
77;Synergistic discrete capability;52.25
78;Cross-platform motivating moratorium;20.58
79;Expanded cohesive archive;58.73
80;Re-contextualized zero administration firmware;81.89
81;Seamless 24/7 toolset;83.88
82;Ergonomic neutral software;97.51
83;Pre-emptive needs-based algorithm;6.55
84;Versatile fault-tolerant solution;35.53
85;Multi-layered transitional info-mediaries;38.3
86;Optional client-driven core;89.22
87;Multi-channeled national concept;61.33
88;Progressive 5thgeneration initiative;69.85
89;Team-oriented mission-critical parallelism;10.35
90;Synergistic transitional attitude;54.25
91;Assimilated stable neural-net;29.69
92;Reverse-engineered non-volatile knowledgebase;71.13
93;Devolved didactic forecast;18.74
94;Adaptive client-driven middleware;45.97
95;Virtual value-added functionalities;64.71
96;User-friendly demand-driven function;19.28
97;Total discrete hub;26.46
98;Optional asynchronous functionalities;51.29
99;Sharable neutral access;53.46
100;Assimilated web-enabled leverage;45.54
101;Optimized explicit middleware;37.08
102;Sharable value-added challenge;99.56
103;Business-focused even-keeled projection;83.27
104;Synergized impactful service-desk;41.77
105;Inverse modular product;22.18
106;Reactive mission-critical focus group;31.35
107;Optimized full-range task-force;20.81
108;Focused asymmetric project;40.43
109;Synergized needs-based knowledge user;60.71
110;Visionary transitional concept;63.16
111;Virtual maximized task-force;57.72
112;Function-based multi-state model;38.68
113;Face-to-face contextually-based product;27.08
114;Digitized needs-based product;16.61
115;Future-proofed impactful initiative;74.85
116;Multi-layered user-facing service-desk;26.62
117;Mandatory optimal budgetary management;99.86
118;Fully-configurable 24/7 strategy;72.48
119;Public-key dynamic installation;42.05
120;Compatible well-modulated structure;56.71
121;Compatible methodical approach;21.63
122;Customizable system-worthy model;19.78
123;Multi-channeled responsive core;65.03
124;Synchronized multi-state portal;41.86
125;Future-proofed responsive moratorium;88.8
126;Quality-focused intangible architecture;14.45
127;Persevering contextually-based matrices;43.16
128;User-friendly bifurcated implementation;49.85
129;Realigned dynamic middleware;66.58
130;Ameliorated bifurcated hardware;74.71
131;Integrated content-based system engine;60.98
132;Fully-configurable static workforce;12.32
133;Expanded cohesive flexibility;31.69
134;Optional 6thgeneration middleware;68.87
135;Switchable needs-based extranet;25.01
136;Function-based multi-tasking standardization;75.86
137;Compatible human-resource neural-net;60.17
138;Realigned executive frame;24.07
139;Networked transitional customer loyalty;55.27
140;Profit-focused 24hour moderator;77.89
141;Optimized regional ability;71.78
142;Function-based mission-critical policy;69.4
143;Right-sized zero-defect analyzer;10.87
144;Pre-emptive disintermediate conglomeration;100.03
145;Reduced 4thgeneration adapter;32.6
146;Switchable leadingedge model;48.36
147;Business-focused directional time-frame;58.53
148;User-centric uniform Local Area Network;71.51
149;Profound exuding concept;61.39
150;Organic 5thgeneration function;38.18
151;Front-line tertiary parallelism;52.7
152;Inverse holistic synergy;54.56
153;Synchronized multi-state orchestration;48.28
154;Balanced 24/7 Graphic Interface;10.47
155;Assimilated dedicated budgetary management;55.64
156;Down-sized coherent productivity;88.1
157;Function-based multi-tasking architecture;16.15
158;Extended logistical concept;12.0
159;Ergonomic dedicated installation;17.04
160;Enterprise-wide dedicated help-desk;16.66
161;Grass-roots bandwidth-monitored forecast;65.13
162;Sharable bottom-line product;12.23
163;Automated regional service-desk;83.64
164;Reduced non-volatile capability;16.71
165;Customer-focused bi-directional superstructure;49.55
166;Integrated motivating extranet;74.13
167;Organized static portal;39.69
168;Diverse responsive initiative;28.87
169;Cross-group modular data-warehouse;51.27
170;Enterprise-wide high-level methodology;62.54
171;Monitored mobile intranet;23.94
172;Function-based local Graphic Interface;17.35
173;Triple-buffered 6thgeneration leverage;81.93
174;Implemented 24/7 focus group;87.89
175;Digitized bi-directional standardization;83.32
176;Exclusive web-enabled moderator;7.48
177;Programmable real-time Local Area Network;34.98
178;Ameliorated next generation website;17.78
179;Down-sized exuding productivity;87.35
180;Reverse-engineered interactive process improvement;89.38
181;Proactive analyzing Graphical User Interface;96.31
182;Self-enabling bifurcated matrices;88.8
183;Polarized radical time-frame;10.03
184;Cloned fault-tolerant challenge;8.34
185;Innovative uniform approach;77.09
186;Monitored multi-state complexity;28.79
187;Mandatory homogeneous toolset;15.05
188;Grass-roots intangible service-desk;51.06
189;Virtual holistic paradigm;80.32
190;Progressive cohesive implementation;52.12
191;Grass-roots heuristic groupware;74.2
192;Fully-configurable user-facing conglomeration;71.45
193;Fully-configurable 24/7 process improvement;46.28
194;Quality-focused system-worthy firmware;90.17
195;Customer-focused didactic standardization;12.76
196;Expanded human-resource Internet solution;18.79
197;Multi-layered fault-tolerant software;85.28
198;Self-enabling content-based circuit;24.0
199;Horizontal static info-mediaries;90.29
200;Face-to-face dedicated product;69.5
201;Total zero tolerance task-force;29.51
202;Cross-group client-server project;6.59
203;Exclusive systemic definition;20.14
204;Multi-tiered demand-driven definition;9.56
205;Future-proofed asynchronous monitoring;40.59
206;Monitored 6thgeneration circuit;22.76
207;Extended demand-driven functionalities;14.6
208;Organic real-time extranet;6.13
209;Multi-tiered explicit open system;54.59
210;Object-based cohesive approach;94.17
211;Re-contextualized composite throughput;29.77
212;Profound background installation;21.21
213;Devolved mobile superstructure;24.22
214;Triple-buffered foreground standardization;91.39
215;Compatible bottom-line protocol;68.75
216;Multi-layered demand-driven pricing structure;96.45
217;Innovative web-enabled database;20.74
218;Cloned directional forecast;44.97
219;Progressive 4thgeneration system engine;52.14
220;Multi-tiered intangible initiative;75.22
221;Customer-focused client-server neural-net;60.41
222;Adaptive multi-tasking architecture;83.03
223;Configurable intermediate moratorium;70.99
224;Right-sized 3rdgeneration matrices;87.69
225;Expanded impactful firmware;86.5
226;User-friendly leadingedge adapter;25.22
227;Function-based background product;30.32
228;Reactive empowering strategy;100.32
229;Extended leadingedge contingency;22.78
230;Managed optimal application;17.52
231;Function-based motivating service-desk;17.22
232;Mandatory responsive concept;55.8
233;Optimized global support;96.94
234;Face-to-face static portal;71.57
235;Optional stable Graphic Interface;93.1
236;Decentralized background success;39.63
237;Versatile scalable emulation;8.48
238;Multi-tiered disintermediate Internet solution;46.31
239;Proactive encompassing support;30.33
240;Configurable asymmetric functionalities;74.35
241;Up-sized 24/7 solution;19.74
242;Innovative secondary interface;13.59
243;Managed holistic success;69.39
244;Front-line 3rdgeneration orchestration;6.45
245;Open-source transitional architecture;60.96
246;Operative coherent initiative;68.49
247;Networked zero tolerance project;26.5
248;Customer-focused neutral parallelism;31.08
249;Seamless local concept;83.72
250;Operative fault-tolerant infrastructure;93.63
251;Proactive grid-enabled customer loyalty;64.51
252;Fundamental eco-centric budgetary management;76.74
253;Implemented grid-enabled collaboration;87.61
254;Decentralized uniform application;86.17
255;Secured global algorithm;48.18
256;Ameliorated exuding methodology;56.66
257;User-friendly multi-tasking architecture;43.3
258;Enterprise-wide human-resource support;26.82
259;Optimized reciprocal matrices;65.5
260;Future-proofed fault-tolerant Local Area Network;35.44
261;Decentralized hybrid product;20.21
262;Seamless 24/7 data-warehouse;95.47
263;Synchronized empowering installation;49.31
264;Advanced maximized open system;99.26
265;Up-sized multi-tasking Local Area Network;36.5
266;Synergized high-level structure;98.21
267;Cloned demand-driven help-desk;10.91
268;Profit-focused 6thgeneration capacity;43.77
269;Synchronized 4thgeneration knowledgebase;47.77
270;Monitored hybrid software;63.62
271;Down-sized optimal system engine;36.97
272;Decentralized human-resource array;67.75
273;Progressive explicit circuit;60.24
274;Automated optimal moratorium;30.39
275;Enterprise-wide dedicated interface;60.52
276;De-engineered asymmetric parallelism;67.16
277;Devolved systemic protocol;92.02
278;Expanded intermediate policy;89.44
279;Implemented leadingedge task-force;88.35
280;Open-source holistic Local Area Network;37.67
281;Future-proofed directional secured line;74.96
282;Quality-focused zero-defect hierarchy;70.17
283;Triple-buffered optimal info-mediaries;35.52
284;Front-line object-oriented emulation;83.45
285;Triple-buffered neutral strategy;51.27
286;Team-oriented logistical extranet;8.83
287;Devolved grid-enabled analyzer;24.28
288;Diverse multimedia Graphical User Interface;36.06
289;Upgradable explicit benchmark;60.04
290;Cloned static hierarchy;95.63
291;Streamlined mission-critical contingency;16.09
292;Mandatory dynamic leverage;61.37
293;Profound zero-defect implementation;59.74
294;Multi-channeled bi-directional framework;61.88
295;Multi-layered mission-critical function;91.03
296;Reduced heuristic forecast;11.45
297;Open-architected explicit collaboration;74.94
298;Compatible bottom-line data-warehouse;54.5
299;User-centric 4thgeneration paradigm;47.78
300;Vision-oriented modular hierarchy;92.09
301;De-engineered well-modulated Internet solution;88.99
302;Phased methodical workforce;94.95
303;Vision-oriented context-sensitive monitoring;66.33
304;Devolved reciprocal focus group;42.53
305;Exclusive maximized benchmark;44.33
306;Streamlined didactic productivity;43.83
307;Reverse-engineered tangible open system;73.39
308;Intuitive national project;58.22
309;Networked mission-critical projection;44.98
310;Multi-channeled needs-based website;67.12
311;Upgradable intermediate Local Area Network;71.06
312;Team-oriented 3rdgeneration frame;96.39
313;Exclusive context-sensitive collaboration;39.41
314;Visionary demand-driven function;43.5
315;Team-oriented explicit alliance;39.91
316;Sharable responsive Internet solution;44.17
317;Digitized actuating contingency;31.05
318;Future-proofed high-level matrix;72.94
319;Streamlined dynamic productivity;9.37
320;Automated impactful moderator;88.47
321;Face-to-face radical open system;89.09
322;Profit-focused real-time help-desk;84.22
323;Assimilated hybrid throughput;66.54
324;User-centric attitude-oriented encoding;66.11
325;Organic user-facing Graphical User Interface;94.65
326;Organic incremental success;80.87
327;Multi-tiered 24hour open architecture;91.52
328;Synergistic static approach;14.24
329;Distributed methodical infrastructure;11.37
330;Re-contextualized solution-oriented definition;23.4
331;User-centric zero-defect structure;57.41
332;Synergized 3rdgeneration architecture;10.91
333;User-friendly real-time info-mediaries;8.03
334;Configurable fresh-thinking firmware;89.39
335;Reactive bifurcated migration;66.83
336;Persistent coherent archive;81.13
337;Total zero administration time-frame;45.71
338;Reduced hybrid paradigm;59.63
339;Customer-focused real-time archive;53.56
340;Synergistic encompassing ability;85.32
341;Integrated maximized flexibility;16.14
342;Centralized object-oriented utilization;61.17
343;Total background help-desk;85.93
344;Multi-layered client-driven hierarchy;96.84
345;Integrated didactic budgetary management;74.1
346;Assimilated full-range Internet solution;72.66
347;Object-based directional model;98.12
348;Enterprise-wide dedicated collaboration;66.24
349;Assimilated solution-oriented info-mediaries;52.07
350;Exclusive maximized groupware;22.66
351;Object-based intermediate website;30.57
352;Business-focused optimizing success;81.11
353;User-centric contextually-based synergy;99.67
354;Configurable even-keeled architecture;76.9
355;Total clear-thinking workforce;66.93
356;Object-based asynchronous process improvement;25.13
357;Programmable bi-directional info-mediaries;33.09
358;Cross-group scalable monitoring;19.8
359;Streamlined holistic frame;10.32
360;Mandatory mobile structure;16.21
361;Reverse-engineered optimal portal;30.15
362;Decentralized intangible interface;21.99
363;Compatible dynamic access;74.1
364;Adaptive human-resource orchestration;70.71
365;User-centric holistic function;45.87
366;Public-key regional productivity;26.58
367;Enterprise-wide cohesive solution;96.65
368;Team-oriented leadingedge firmware;74.57
369;Inverse coherent contingency;31.97
370;Monitored exuding middleware;78.57
371;Focused uniform protocol;59.98
372;Polarized coherent system engine;37.4
373;Virtual mobile array;7.75
374;Exclusive hybrid alliance;73.37
375;Cross-group holistic core;71.03
376;Configurable systemic portal;49.0
377;Multi-layered national throughput;31.89
378;User-centric exuding framework;33.21
379;Adaptive attitude-oriented installation;66.23
380;Compatible client-driven complexity;73.64
381;Managed exuding encryption;7.76
382;Cross-group bottom-line application;76.52
383;Inverse global software;56.04
384;Vision-oriented transitional knowledgebase;6.9
385;Stand-alone 4thgeneration superstructure;61.73
386;Ergonomic solution-oriented analyzer;38.09
387;Profound system-worthy process improvement;92.72
388;Virtual global complexity;20.54
389;Expanded zero tolerance core;54.15
390;Switchable interactive model;94.02
391;Organic responsive frame;13.97
392;Assimilated multimedia moratorium;50.34
393;Virtual homogeneous policy;25.03
394;Optimized multi-tasking orchestration;37.82
395;Team-oriented radical challenge;31.08
396;Public-key coherent parallelism;26.53
397;Devolved actuating alliance;75.34
398;Progressive zero-defect benchmark;63.99
399;Reactive systemic capacity;100.05
400;Balanced dedicated application;48.52
401;Total didactic groupware;86.65
402;Up-sized dynamic strategy;81.09
403;Focused mobile algorithm;21.09
404;Object-based tangible policy;53.09
405;Profound secondary Local Area Network;97.39
406;Centralized multi-tasking toolset;76.96
407;Front-line didactic utilization;13.55
408;Assimilated explicit leverage;57.54
409;Multi-layered zero-defect workforce;12.0
410;Multi-layered bottom-line toolset;96.91
411;Monitored web-enabled secured line;77.36
412;Compatible dynamic product;37.72
413;Programmable grid-enabled moderator;96.05
414;Re-engineered tangible orchestration;40.47
415;Multi-layered grid-enabled structure;37.48
416;Realigned composite encoding;39.85
417;Reactive incremental access;17.74
418;Polarized eco-centric secured line;56.63
419;Ergonomic context-sensitive project;98.32
420;Exclusive bi-directional synergy;43.39
421;Seamless grid-enabled approach;15.56
422;Quality-focused incremental task-force;85.05
423;Persistent 24hour circuit;58.74
424;Object-based 5thgeneration functionalities;11.28
425;Monitored modular knowledgebase;78.56
426;Profound even-keeled help-desk;86.92
427;Function-based client-server Graphic Interface;23.61
428;Streamlined responsive encryption;44.49
429;Open-architected interactive info-mediaries;47.37
430;Realigned optimal adapter;29.13
431;Innovative logistical secured line;80.89
432;Automated transitional structure;25.47
433;Cross-group client-driven analyzer;34.12
434;Integrated 5thgeneration matrix;86.53
435;Stand-alone eco-centric encoding;92.88
436;Diverse fault-tolerant groupware;29.12
437;Horizontal homogeneous instruction set;87.4
438;Re-contextualized 5thgeneration product;41.18
439;Polarized discrete access;71.24
440;Innovative intermediate solution;28.9
441;Profound contextually-based throughput;92.76
442;Robust even-keeled functionalities;42.68
443;Customer-focused system-worthy protocol;64.33
444;Synergized optimal encryption;63.71
445;Public-key uniform challenge;49.02
446;Compatible content-based contingency;8.24
447;Synergized background project;18.6
448;Organic interactive utilization;78.05
449;Horizontal full-range algorithm;56.45
450;Ameliorated real-time groupware;16.4
451;Quality-focused executive solution;65.34
452;Triple-buffered 6thgeneration project;67.57
453;Ameliorated directional hierarchy;66.18
454;Decentralized multimedia conglomeration;16.16
455;Synchronized zero administration budgetary management;74.29
456;Quality-focused bi-directional knowledge user;57.51
457;Future-proofed grid-enabled solution;54.16
458;Organic zero administration alliance;71.76
459;Upgradable client-server analyzer;58.28
460;Re-engineered web-enabled superstructure;30.99
461;Reactive motivating Graphical User Interface;76.88
462;Reverse-engineered eco-centric help-desk;40.21
463;Future-proofed asynchronous concept;93.53
464;Extended 6thgeneration paradigm;67.9
465;User-friendly dedicated structure;7.94
466;Synchronized optimal archive;88.85
467;Expanded human-resource portal;74.12
468;Universal next generation instruction set;99.83
469;Seamless bottom-line superstructure;85.29
470;Balanced composite model;18.12
471;Cross-platform asynchronous array;47.81
472;Polarized even-keeled Internet solution;9.41
473;De-engineered needs-based concept;37.92
474;Expanded tangible groupware;30.17
475;Multi-tiered system-worthy ability;11.46
476;Open-architected intermediate alliance;10.89
477;Synergized client-driven secured line;46.71
478;Focused 5thgeneration forecast;57.05
479;Robust real-time complexity;10.63
480;Realigned exuding extranet;47.23
481;Integrated real-time secured line;21.09
482;Enterprise-wide optimal interface;59.78
483;Profit-focused solution-oriented utilization;33.63
484;Fundamental static projection;61.45
485;Quality-focused actuating collaboration;14.32
486;Centralized human-resource matrix;97.64
487;Streamlined content-based Graphical User Interface;49.58
488;Re-contextualized next generation concept;59.57
489;Customizable maximized encryption;83.67
490;Synergistic contextually-based access;89.57
491;Cross-group bottom-line standardization;22.04
492;Organic object-oriented ability;23.0
493;Phased logistical focus group;33.82
494;Diverse multi-tasking website;64.16
495;Profit-focused composite groupware;82.36
496;Versatile asymmetric support;86.0
497;Intuitive bi-directional parallelism;90.43
498;Organic directional conglomeration;31.7
499;Profound dynamic instruction set;30.91
500;Intuitive client-driven emulation;41.89
501;Future-proofed client-driven challenge;9.6
502;Re-contextualized 6thgeneration capability;92.0
503;Ameliorated real-time protocol;78.69
504;Programmable zero administration process improvement;64.88
505;Assimilated mobile info-mediaries;24.73
506;Re-contextualized context-sensitive system engine;86.64
507;Devolved composite initiative;6.45
508;Open-source didactic strategy;36.24
509;Phased methodical methodology;26.85
510;Cross-platform holistic forecast;98.0
511;Open-source global instruction set;14.87
512;Seamless dynamic project;18.93
513;Devolved radical portal;43.08
514;User-friendly coherent monitoring;34.52
515;Polarized bifurcated installation;54.99
516;Seamless high-level hub;99.97
517;Vision-oriented actuating website;73.41
518;Digitized coherent open system;37.7
519;Innovative client-server benchmark;30.55
520;Synchronized systematic software;45.32
521;Upgradable global customer loyalty;61.83
522;Quality-focused leadingedge infrastructure;84.08
523;Synergistic exuding ability;10.9
524;Streamlined foreground project;46.67
525;Monitored neutral orchestration;25.05
526;Phased demand-driven Graphic Interface;65.26
527;Persistent 6thgeneration parallelism;66.47
528;Cross-group asymmetric alliance;56.71
529;Open-source intangible attitude;29.21
530;Open-architected multi-state project;9.97
531;Self-enabling logistical synergy;82.18
532;Cross-group radical hierarchy;82.01
533;Fully-configurable stable product;28.61
534;Team-oriented static encoding;45.97
535;Pre-emptive scalable matrices;82.76
536;Inverse national synergy;17.51
537;Distributed incremental process improvement;59.63
538;Profit-focused tangible project;15.48
539;Streamlined object-oriented orchestration;35.75
540;Digitized regional benchmark;71.24
541;Extended logistical matrices;10.95
542;User-centric local forecast;42.84
543;Reverse-engineered solution-oriented model;8.75
544;Compatible intermediate neural-net;56.23
545;Robust tangible product;15.35
546;Robust web-enabled open system;59.73
547;Visionary homogeneous methodology;71.21
548;Reverse-engineered radical projection;75.41
549;Synchronized multi-state service-desk;97.71
550;Exclusive methodical approach;35.37
551;Advanced bi-directional hardware;79.82
552;Face-to-face methodical hardware;87.5
553;Re-engineered content-based secured line;34.09
554;Down-sized upward-trending help-desk;94.9
555;Focused asynchronous moderator;18.19
556;De-engineered demand-driven protocol;46.61
557;Monitored 24hour paradigm;54.35
558;Configurable regional framework;67.75
559;Profit-focused motivating functionalities;45.37
560;Versatile methodical productivity;19.87
561;Versatile clear-thinking encryption;86.19
562;Decentralized regional leverage;89.0
563;Customizable zero administration toolset;39.66
564;Multi-layered global circuit;28.72
565;Future-proofed logistical customer loyalty;85.17
566;Switchable maximized implementation;60.97
567;Digitized tertiary customer loyalty;88.32
568;Cross-platform zero tolerance workforce;25.06
569;Operative composite collaboration;42.11
570;Extended content-based groupware;45.25
571;Public-key coherent database;35.62
572;Upgradable content-based system engine;40.14
573;Inverse multi-tasking challenge;75.41
574;Fundamental scalable website;80.58
575;Grass-roots user-facing success;81.66
576;Automated even-keeled emulation;99.52
577;Open-architected system-worthy functionalities;25.12
578;Expanded dedicated support;28.48
579;Devolved global adapter;23.05
580;Organic fault-tolerant secured line;45.49
581;Phased cohesive parallelism;97.09
582;Pre-emptive attitude-oriented solution;86.15
583;Synergistic bi-directional task-force;18.38
584;Sharable composite productivity;9.2
585;Diverse eco-centric ability;57.64
586;Innovative tangible middleware;10.62
587;Pre-emptive web-enabled productivity;63.5
588;Right-sized regional hardware;26.06
589;Multi-lateral 4thgeneration support;29.43
590;Persistent global policy;32.45
591;Upgradable client-server approach;18.96
592;Enterprise-wide system-worthy interface;82.68
593;Organized composite forecast;6.26
594;Enterprise-wide high-level toolset;88.63
595;Monitored well-modulated productivity;15.2
596;Mandatory well-modulated structure;97.82
597;Reduced upward-trending initiative;92.18
598;Synchronized coherent approach;17.91
599;Organic national groupware;100.79
600;Up-sized next generation standardization;79.67
601;Team-oriented non-volatile support;80.26
602;Phased actuating hierarchy;42.5
603;Multi-tiered human-resource hierarchy;95.31
604;User-centric discrete migration;41.52
605;Team-oriented 6thgeneration collaboration;67.8
606;Focused system-worthy portal;69.68
607;Total transitional model;64.1
608;Implemented solution-oriented website;17.59
609;Pre-emptive 5thgeneration strategy;36.14
610;Ameliorated systemic alliance;98.58
611;Operative composite encoding;47.37
612;Upgradable well-modulated conglomeration;67.82
613;Horizontal asynchronous protocol;69.54
614;Fully-configurable non-volatile artificial intelligence;32.52
615;Self-enabling modular standardization;34.81
616;Integrated hybrid throughput;34.69
617;Public-key mission-critical framework;51.23
618;Extended empowering access;100.36
619;Multi-lateral even-keeled matrices;55.78
620;Operative neutral knowledge user;96.79
621;Horizontal discrete hub;100.46
622;Realigned fresh-thinking solution;81.64
623;Programmable needs-based artificial intelligence;94.75
624;Right-sized incremental customer loyalty;33.62
625;Progressive user-facing core;50.91
626;Devolved system-worthy customer loyalty;59.15
627;Sharable encompassing definition;76.24
628;Synergized foreground workforce;15.76
629;Business-focused static core;25.45
630;Optional real-time workforce;17.69
631;Switchable scalable alliance;99.37
632;Open-source zero tolerance interface;85.45
633;Customizable well-modulated circuit;59.24
634;Ameliorated heuristic concept;24.9
635;Seamless fresh-thinking circuit;7.01
636;Exclusive bifurcated superstructure;24.24
637;Fundamental contextually-based portal;6.85
638;Operative system-worthy access;31.6
639;Configurable leadingedge archive;52.33
640;Face-to-face zero tolerance hierarchy;87.93
641;Switchable interactive interface;57.23
642;Profit-focused human-resource info-mediaries;65.66
643;Decentralized holistic forecast;12.94
644;Front-line reciprocal attitude;36.07
645;Synergistic full-range frame;28.61
646;Cross-group systematic emulation;40.38
647;Compatible context-sensitive focus group;27.45
648;Multi-lateral well-modulated instruction set;22.03
649;Open-architected actuating matrix;95.82
650;Cloned stable toolset;49.5
651;Programmable methodical benchmark;86.14
652;Enhanced multi-state productivity;31.69
653;Pre-emptive client-driven challenge;66.49
654;Ameliorated solution-oriented Local Area Network;25.84
655;Reactive 6thgeneration customer loyalty;35.87
656;User-friendly empowering archive;93.77
657;Devolved exuding approach;85.9
658;Reactive exuding adapter;85.94
659;Right-sized system-worthy artificial intelligence;50.9
660;Future-proofed upward-trending ability;66.21
661;Automated tangible database;50.8
662;Proactive systemic leverage;20.98
663;Optimized demand-driven artificial intelligence;90.89
664;Re-contextualized next generation open architecture;89.87
665;Virtual secondary hub;45.82
666;Networked methodical solution;50.46
667;Digitized contextually-based leverage;39.21
668;Optimized solution-oriented core;21.27
669;Programmable motivating orchestration;34.16
670;Operative static core;50.83
671;Configurable background intranet;23.84
672;Adaptive contextually-based access;36.22
673;Reverse-engineered didactic middleware;78.69
674;Seamless logistical artificial intelligence;91.65
675;Networked motivating circuit;71.8
676;Multi-channeled human-resource project;26.8
677;Fundamental interactive orchestration;78.78
678;Implemented intermediate alliance;77.04
679;Triple-buffered cohesive functionalities;75.67
680;Reactive executive concept;91.65
681;Intuitive needs-based encoding;11.16
682;Extended impactful frame;42.35
683;Streamlined holistic project;81.32
684;Synchronized well-modulated alliance;35.56
685;Horizontal high-level customer loyalty;74.68
686;Vision-oriented homogeneous extranet;77.65
687;Pre-emptive next generation success;22.69
688;Right-sized eco-centric Graphic Interface;44.93
689;Decentralized global intranet;30.06
690;Business-focused maximized knowledge user;16.67
691;Horizontal hybrid capacity;96.86
692;Devolved explicit instruction set;86.23
693;Persistent dedicated middleware;26.94
694;Vision-oriented high-level hardware;40.02
695;Down-sized client-driven strategy;31.87
696;Adaptive object-oriented productivity;6.04
697;Reactive 3rdgeneration synergy;6.46
698;Integrated value-added forecast;9.62
699;Programmable maximized solution;28.76
700;Fundamental context-sensitive firmware;42.06
701;Cross-group object-oriented analyzer;73.93
702;Decentralized zero-defect project;61.18
703;Innovative modular focus group;70.15
704;Organized optimizing data-warehouse;67.17
705;Operative optimal frame;64.3
706;Public-key zero administration strategy;17.62
707;Sharable mobile database;86.08
708;Advanced radical flexibility;19.48
709;Visionary fault-tolerant array;31.76
710;Team-oriented regional complexity;17.07
711;Robust mobile synergy;72.64
712;Mandatory attitude-oriented groupware;36.9
713;Horizontal incremental superstructure;95.15
714;Switchable multi-tasking groupware;52.22
715;Innovative human-resource collaboration;24.8
716;Polarized 3rdgeneration function;46.45
717;Distributed regional pricing structure;20.68
718;Public-key fault-tolerant interface;98.43
719;Exclusive asynchronous support;11.24
720;Devolved 3rdgeneration application;50.01
721;Expanded real-time implementation;62.85
722;Synergistic 24/7 software;78.75
723;Multi-tiered disintermediate contingency;60.01
724;Triple-buffered attitude-oriented analyzer;17.83
725;Devolved bandwidth-monitored extranet;9.29
726;Cross-platform explicit circuit;62.03
727;Automated intangible support;92.44
728;Progressive executive monitoring;9.71
729;Phased value-added capacity;17.48
730;Down-sized neutral capability;31.1
731;Stand-alone non-volatile solution;88.46
732;Organized incremental attitude;12.41
733;Triple-buffered multi-tasking process improvement;27.4
734;Quality-focused multi-tasking methodology;53.99
735;Horizontal human-resource ability;76.71
736;Devolved zero-defect workforce;90.7
737;Phased real-time projection;86.82
738;Configurable explicit protocol;29.24
739;Triple-buffered well-modulated protocol;13.9
740;Triple-buffered logistical open architecture;48.42
741;Realigned exuding capacity;81.93
742;Reduced exuding workforce;35.55
743;Mandatory asymmetric utilization;96.03
744;Intuitive bandwidth-monitored intranet;67.0
745;Profound foreground frame;49.4
746;Right-sized foreground concept;29.17
747;Intuitive asynchronous capability;13.65
748;Versatile impactful leverage;31.71
749;Progressive asymmetric model;17.58
750;Re-contextualized neutral application;23.04
751;Reactive full-range policy;37.46
752;Programmable system-worthy frame;86.02
753;Organic user-facing service-desk;45.28
754;Focused homogeneous initiative;45.83
755;Future-proofed uniform knowledgebase;94.34
756;Persevering foreground synergy;84.5
757;Focused optimal concept;76.61
758;Operative tertiary collaboration;17.2
759;Streamlined maximized policy;26.07
760;Re-engineered upward-trending knowledgebase;67.42
761;Devolved demand-driven alliance;75.89
762;Networked exuding architecture;9.6
763;Organized real-time strategy;96.63
764;Switchable cohesive data-warehouse;23.06
765;Customizable radical array;53.94
766;Ameliorated homogeneous time-frame;85.24
767;Multi-tiered hybrid info-mediaries;65.65
768;Phased stable circuit;43.06
769;Progressive local alliance;15.68
770;Sharable well-modulated alliance;79.7
771;Down-sized national collaboration;87.23
772;Multi-tiered coherent access;14.76
773;Multi-layered full-range leverage;66.24
774;Open-source mission-critical encryption;76.94
775;Centralized content-based methodology;33.75
776;Seamless multi-tasking benchmark;13.2
777;Proactive cohesive middleware;72.48
778;Ergonomic explicit attitude;13.45
779;Expanded fault-tolerant database;9.82
780;Enhanced 4thgeneration core;72.1
781;Operative tangible focus group;100.08
782;Synergized 3rdgeneration moderator;18.51
783;Multi-channeled grid-enabled interface;66.39
784;Multi-lateral context-sensitive flexibility;73.05
785;Diverse dedicated productivity;30.05
786;Total grid-enabled process improvement;21.38
787;Switchable optimal encryption;30.18
788;Devolved homogeneous algorithm;73.99
789;Business-focused foreground artificial intelligence;12.02
790;Function-based 5thgeneration array;67.78
791;Open-architected eco-centric function;64.5
792;Polarized mobile array;26.0
793;Inverse tertiary application;63.93
794;De-engineered 3rdgeneration infrastructure;50.53
795;Customer-focused 6thgeneration flexibility;81.97
796;Multi-lateral bottom-line circuit;9.85
797;Face-to-face reciprocal encoding;38.78
798;Inverse interactive function;11.89
799;Stand-alone analyzing adapter;17.37
800;Devolved fresh-thinking matrix;86.75
801;Sharable modular methodology;61.13
802;Decentralized 5thgeneration hardware;91.7
803;Right-sized exuding definition;65.52
804;Innovative high-level initiative;49.14
805;Universal high-level infrastructure;71.8
806;Cross-group explicit product;19.5
807;Reactive multimedia forecast;57.68
808;Synergized executive analyzer;97.43
809;Balanced incremental utilization;58.2
810;Grass-roots secondary time-frame;35.94
811;Customer-focused real-time encryption;25.34
812;Stand-alone static toolset;57.31
813;Diverse modular time-frame;93.61
814;Networked reciprocal knowledge user;6.54
815;Configurable homogeneous monitoring;28.91
816;Multi-tiered didactic structure;33.43
817;Multi-lateral neutral Local Area Network;64.97
818;Optional composite portal;20.04
819;Phased coherent knowledge user;57.17
820;Organic dedicated intranet;29.54
821;Open-source secondary functionalities;54.63
822;Multi-layered encompassing artificial intelligence;93.71
823;Cross-group logistical encryption;93.64
824;Enhanced real-time implementation;65.71
825;Persistent human-resource database;30.77
826;Team-oriented user-facing monitoring;50.19
827;Multi-channeled didactic throughput;8.31
828;Devolved modular parallelism;90.52
829;Fundamental radical attitude;27.5
830;Reduced systemic protocol;28.55
831;Expanded encompassing portal;76.21
832;Object-based eco-centric function;31.64
833;Visionary fault-tolerant superstructure;82.01
834;Organic incremental model;78.71
835;Focused web-enabled neural-net;58.59
836;Progressive neutral benchmark;71.27
837;Implemented responsive strategy;10.46
838;Networked 24hour hierarchy;93.0
839;Open-architected intermediate superstructure;33.9
840;Advanced asynchronous forecast;42.96
841;User-centric user-facing moratorium;41.24
842;Networked bottom-line protocol;17.17
843;Robust impactful challenge;26.18
844;Exclusive discrete archive;49.04
845;User-centric non-volatile knowledgebase;69.51
846;Enterprise-wide zero tolerance encoding;76.23
847;Optional asynchronous archive;38.5
848;Exclusive web-enabled migration;29.88
849;Configurable modular flexibility;71.73
850;Customizable 5thgeneration hardware;88.47
851;Fundamental actuating installation;35.09
852;Assimilated well-modulated time-frame;93.18
853;Reduced hybrid toolset;87.93
854;Cross-platform fault-tolerant success;59.47
855;Customer-focused upward-trending hardware;83.64
856;Diverse motivating matrices;69.17
857;Upgradable multi-state productivity;15.04
858;Progressive 24hour access;72.36
859;Re-engineered 24hour leverage;72.1
860;Fully-configurable optimal secured line;43.33
861;Multi-tiered well-modulated success;79.86
862;Organic cohesive toolset;71.28
863;Face-to-face systematic ability;84.87
864;Persistent web-enabled adapter;14.07
865;De-engineered clear-thinking framework;49.84
866;Distributed contextually-based policy;37.97
867;Innovative composite open architecture;65.44
868;Object-based non-volatile parallelism;46.99
869;Automated zero tolerance moderator;34.76
870;Open-source exuding complexity;78.8
871;Fully-configurable 5thgeneration moderator;16.23
872;Vision-oriented maximized structure;26.97
873;Customizable didactic Local Area Network;76.09
874;Multi-channeled cohesive pricing structure;28.52
875;Team-oriented neutral circuit;73.38
876;Function-based regional budgetary management;30.72
877;Managed bifurcated success;67.95
878;Synergistic asynchronous info-mediaries;76.76
879;Reactive intermediate frame;17.94
880;Distributed executive Internet solution;89.99
881;Right-sized asymmetric interface;12.28
882;Digitized attitude-oriented paradigm;25.54
883;Proactive 6thgeneration pricing structure;67.2
884;Right-sized static project;98.12
885;Balanced secondary utilization;91.09
886;Monitored mission-critical synergy;35.38
887;User-friendly transitional functionalities;93.95
888;Public-key high-level function;88.0
889;Horizontal homogeneous encryption;53.11
890;Total multimedia info-mediaries;86.68
891;Future-proofed context-sensitive collaboration;37.54
892;Open-architected web-enabled archive;88.19
893;Digitized zero administration implementation;36.82
894;Optional value-added hierarchy;52.61
895;Reactive 3rdgeneration algorithm;42.41
896;Open-architected reciprocal circuit;24.66
897;Multi-layered cohesive open architecture;28.71
898;Robust responsive toolset;95.78
899;Diverse executive neural-net;21.48
900;Decentralized well-modulated concept;61.99
901;Upgradable human-resource extranet;31.84
902;Persistent 5thgeneration alliance;13.05
903;Reduced responsive policy;34.3
904;Seamless homogeneous matrices;69.95
905;Multi-channeled empowering database;78.65
906;Universal scalable database;69.41
907;Triple-buffered bandwidth-monitored software;91.15
908;Persevering interactive initiative;10.55
909;Balanced well-modulated installation;13.82
910;Cross-group web-enabled frame;52.31
911;Diverse interactive initiative;61.47
912;Programmable holistic structure;25.51
913;Advanced didactic workforce;24.96
914;Optimized well-modulated complexity;52.09
915;Front-line fault-tolerant time-frame;33.55
916;Persevering encompassing standardization;8.51
917;Down-sized exuding middleware;28.72
918;Distributed systemic challenge;59.39
919;Fully-configurable zero administration solution;41.88
920;Persevering stable knowledgebase;99.33
921;Cross-platform asymmetric alliance;98.23
922;Balanced content-based approach;87.51
923;Team-oriented zero-defect intranet;53.5
924;Synchronized bandwidth-monitored groupware;26.78
925;Customer-focused didactic forecast;42.59
926;Inverse stable budgetary management;87.24
927;Innovative client-driven success;34.47
928;Object-based holistic circuit;31.78
929;Cloned methodical hub;76.4
930;Open-source tertiary success;90.36
931;Multi-layered grid-enabled Internet solution;82.14
932;Triple-buffered user-facing array;95.04
933;Decentralized executive analyzer;60.88
934;Sharable high-level data-warehouse;74.51
935;Operative disintermediate matrix;79.84
936;Up-sized multimedia time-frame;74.71
937;Total multi-state framework;69.29
938;Visionary contextually-based throughput;69.47
939;Persistent directional ability;53.45
940;Multi-lateral responsive access;69.65
941;Customizable tangible model;98.34
942;Stand-alone next generation superstructure;15.43
943;Stand-alone directional definition;15.9
944;Reactive 24hour Graphic Interface;8.38
945;Horizontal client-driven open architecture;68.18
946;Distributed needs-based software;35.56
947;Focused global website;95.48
948;Configurable attitude-oriented capacity;15.06
949;Expanded heuristic leverage;28.27
950;Cross-platform logistical pricing structure;29.3
951;Intuitive needs-based algorithm;55.71
952;Networked actuating open architecture;85.97
953;Reactive even-keeled concept;77.97
954;Operative clear-thinking adapter;68.9
955;Implemented next generation intranet;40.17
956;Automated dynamic circuit;78.29
957;Phased 24hour toolset;89.15
958;Persistent fresh-thinking definition;38.46
959;Reactive multi-tasking application;49.75
960;Cross-group fault-tolerant collaboration;71.96
961;Business-focused multi-state toolset;84.73
962;Advanced methodical policy;72.26
963;Polarized transitional website;69.09
964;Optional 5thgeneration process improvement;65.56
965;Triple-buffered incremental help-desk;64.52
966;Robust grid-enabled standardization;67.51
967;Stand-alone demand-driven knowledgebase;75.5
968;Mandatory bifurcated time-frame;44.18
969;Universal incremental system engine;16.47
970;Seamless systemic approach;13.35
971;Cross-platform local attitude;14.18
972;Compatible incremental capacity;89.0
973;Progressive system-worthy contingency;76.98
974;Reactive neutral algorithm;39.21
975;Down-sized 3rdgeneration data-warehouse;35.94
976;Decentralized uniform function;39.37
977;Synchronized system-worthy help-desk;20.73
978;Persevering bi-directional knowledge user;98.45
979;Reactive client-driven strategy;23.63
980;Future-proofed actuating matrices;93.79
981;Cloned multi-tasking capacity;45.77
982;Cross-platform intangible initiative;35.79
983;Open-source intermediate support;44.74
984;Expanded composite definition;56.19
985;Progressive fresh-thinking process improvement;24.63
986;Right-sized 3rdgeneration adapter;6.12
987;Decentralized motivating website;40.84
988;Multi-channeled holistic knowledgebase;46.61
989;Operative asynchronous approach;70.8
990;Triple-buffered impactful collaboration;14.8
991;Re-engineered content-based extranet;58.6
992;Enhanced actuating forecast;46.96
993;Inverse 5thgeneration Graphic Interface;67.26
994;Configurable system-worthy emulation;22.69
995;Implemented needs-based core;10.83
996;Ameliorated needs-based software;29.97
997;Devolved encompassing leverage;23.22
998;Monitored solution-oriented application;35.16
999;Extended holistic synergy;26.56
1000;Down-sized mobile Internet solution;45.87
1001;Face-to-face 5thgeneration monitoring;71.78
1002;Quality-focused modular benchmark;27.51
1003;User-friendly impactful alliance;35.71
1004;Enterprise-wide mission-critical synergy;97.21
1005;Vision-oriented foreground encoding;82.75
1006;Re-engineered mobile implementation;19.32
1007;Realigned demand-driven methodology;87.27
1008;Extended contextually-based flexibility;26.41
1009;Implemented 24/7 array;40.2
1010;Down-sized grid-enabled workforce;35.05
1011;Monitored dynamic model;27.33
1012;Assimilated tertiary product;78.44
1013;Sharable regional approach;54.12
1014;Programmable secondary standardization;23.34
1015;Grass-roots context-sensitive benchmark;49.7
1016;Profound impactful focus group;59.89
1017;Open-architected optimizing benchmark;66.4
1018;Persevering interactive structure;77.03
1019;Decentralized tangible data-warehouse;38.09
1020;Fundamental holistic moderator;60.47
1021;Multi-tiered client-server secured line;13.56
1022;Object-based bottom-line Graphical User Interface;66.49
1023;Reduced upward-trending artificial intelligence;91.74
1024;Managed impactful capability;24.83
1025;Implemented multi-state forecast;57.86
1026;Organized motivating knowledgebase;89.3
1027;Right-sized intangible structure;41.22
1028;Business-focused client-server flexibility;34.19
1029;Multi-tiered fresh-thinking definition;6.2
1030;De-engineered logistical open architecture;77.63
1031;Proactive global frame;68.07
1032;Pre-emptive 4thgeneration definition;85.06
1033;Object-based upward-trending conglomeration;59.96
1034;Total intangible budgetary management;91.62
1035;Up-sized responsive pricing structure;23.36
1036;Pre-emptive scalable protocol;41.67
1037;Advanced non-volatile definition;98.82
1038;Triple-buffered hybrid attitude;45.0
1039;User-centric bandwidth-monitored moderator;70.71
1040;Polarized composite process improvement;6.54
1041;Compatible contextually-based secured line;63.66
1042;Switchable needs-based hub;46.86
1043;Optional fresh-thinking core;67.74
1044;Upgradable 24hour secured line;97.9
1045;Configurable needs-based function;55.74
1046;Implemented grid-enabled access;77.0
1047;Public-key bi-directional archive;34.86
1048;Profound stable benchmark;64.55
1049;Universal empowering artificial intelligence;76.02
1050;Managed non-volatile support;84.7
1051;Synergistic actuating Graphical User Interface;91.31
1052;Optimized non-volatile contingency;22.27
1053;Virtual directional info-mediaries;66.92
1054;Re-contextualized real-time migration;80.32
1055;Sharable encompassing solution;75.85
1056;Multi-channeled motivating projection;26.05
1057;Visionary interactive extranet;85.57
1058;Multi-lateral heuristic Graphical User Interface;87.81
1059;Centralized context-sensitive infrastructure;90.68
1060;Implemented neutral parallelism;22.1
1061;Multi-channeled non-volatile emulation;37.94
1062;Down-sized clear-thinking methodology;66.36
1063;Grass-roots mobile Local Area Network;97.24
1064;Intuitive static definition;67.81
1065;Inverse multi-tasking complexity;94.51
1066;Automated secondary infrastructure;29.31
1067;Customer-focused directional toolset;38.49
1068;Implemented system-worthy project;20.87
1069;User-friendly mission-critical superstructure;73.74
1070;Team-oriented transitional installation;39.06
1071;Reverse-engineered dedicated policy;75.49
1072;Integrated leadingedge database;62.1
1073;Phased national concept;79.42
1074;Organic discrete superstructure;81.38
1075;Organized motivating implementation;57.17
1076;Visionary real-time function;89.3
1077;Exclusive high-level algorithm;80.92
1078;Quality-focused scalable portal;31.47
1079;Business-focused optimal capability;24.26
1080;Streamlined dedicated encoding;94.19
1081;Robust exuding architecture;74.64
1082;User-centric intermediate info-mediaries;92.36
1083;Fundamental non-volatile adapter;56.84
1084;Down-sized executive framework;35.86
1085;User-friendly background model;36.64
1086;Vision-oriented explicit leverage;88.5
1087;Reactive radical interface;94.41
1088;Assimilated grid-enabled Local Area Network;41.77
1089;Face-to-face executive website;30.98
1090;Fully-configurable cohesive info-mediaries;90.84
1091;Expanded upward-trending info-mediaries;90.48
1092;Upgradable encompassing secured line;41.35
1093;Visionary object-oriented help-desk;51.77
1094;Automated user-facing standardization;24.07
1095;Enhanced interactive Graphic Interface;58.5
1096;Polarized 24/7 array;34.27
1097;Up-sized encompassing utilization;67.73
1098;Realigned transitional implementation;99.84
1099;Down-sized global installation;15.89
1100;Operative bi-directional collaboration;23.64
1101;Phased discrete definition;7.14
1102;Cross-platform reciprocal throughput;6.52
1103;Decentralized global firmware;62.87
1104;Public-key background workforce;20.32
1105;Multi-lateral 4thgeneration ability;70.95
1106;Optional asymmetric task-force;54.76
1107;Inverse cohesive project;27.83
1108;Assimilated didactic standardization;45.14
1109;Business-focused directional Graphical User Interface;88.82
1110;Managed motivating time-frame;36.08
1111;Re-contextualized next generation knowledgebase;94.08
1112;Customer-focused real-time leverage;51.53
1113;Distributed bi-directional frame;35.01
1114;Up-sized object-oriented orchestration;53.53
1115;Front-line didactic hardware;23.42
1116;Team-oriented real-time concept;92.38
1117;Mandatory incremental task-force;62.68
1118;Quality-focused bandwidth-monitored open system;64.47
1119;Synergized optimizing encryption;69.3
1120;Future-proofed empowering service-desk;66.88
1121;Extended scalable process improvement;81.82
1122;Enterprise-wide client-server extranet;25.51
1123;Intuitive zero administration Local Area Network;80.44
1124;Reactive multimedia database;36.7
1125;Quality-focused zero tolerance strategy;62.32
1126;Mandatory didactic synergy;88.52
1127;Upgradable optimizing core;17.94
1128;De-engineered methodical artificial intelligence;11.21
1129;Reverse-engineered fault-tolerant neural-net;21.62
1130;De-engineered maximized infrastructure;72.75
1131;Future-proofed needs-based infrastructure;50.97
1132;Realigned executive firmware;45.27
1133;Down-sized well-modulated circuit;31.69
1134;User-friendly grid-enabled success;40.36
1135;Reduced optimizing customer loyalty;22.62
1136;Function-based executive database;90.91
1137;Business-focused content-based artificial intelligence;48.75
1138;Vision-oriented stable function;77.05
1139;Managed bi-directional focus group;91.57
1140;Re-engineered high-level knowledgebase;94.25
1141;Synchronized systemic matrices;88.32
1142;Focused web-enabled moratorium;98.39
1143;Business-focused bandwidth-monitored success;36.28
1144;Stand-alone static customer loyalty;67.38
1145;Reduced transitional info-mediaries;23.87
1146;Synergized actuating Graphic Interface;13.37
1147;Public-key disintermediate secured line;75.72
1148;Advanced tertiary infrastructure;80.78
1149;Right-sized incremental pricing structure;28.88
1150;Reverse-engineered dedicated array;79.26
1151;Reactive regional Local Area Network;99.22
1152;Reduced interactive hierarchy;78.33
1153;Multi-tiered exuding info-mediaries;28.99
1154;Business-focused disintermediate circuit;50.52
1155;Robust bottom-line implementation;49.91
1156;Ergonomic leadingedge orchestration;58.82
1157;Pre-emptive 24hour Internet solution;52.74
1158;Decentralized multi-tasking emulation;37.94
1159;Advanced stable policy;68.6
1160;Intuitive actuating moderator;16.22
1161;Assimilated radical hardware;40.26
1162;Fully-configurable mission-critical complexity;60.04
1163;Total system-worthy standardization;10.27
1164;Assimilated solution-oriented portal;67.79
1165;Profit-focused fresh-thinking flexibility;53.71
1166;Expanded asynchronous infrastructure;32.42
1167;Fully-configurable disintermediate circuit;72.21
1168;Total contextually-based project;37.84
1169;Programmable multi-state portal;34.72
1170;Inverse intermediate algorithm;97.94
1171;Secured context-sensitive synergy;46.02
1172;Distributed value-added instruction set;78.58
1173;Total intangible framework;69.44
1174;Multi-layered web-enabled ability;67.49
1175;Operative intermediate core;48.63
1176;Customizable interactive leverage;75.47
1177;Organic local capacity;64.32
1178;Customizable client-driven firmware;59.66
1179;Polarized content-based alliance;30.15
1180;Ergonomic tangible access;65.23
1181;Intuitive intermediate matrix;89.9
1182;Visionary neutral firmware;66.13
1183;Focused 4thgeneration product;63.79
1184;Customizable homogeneous hub;8.5
1185;Networked optimizing superstructure;31.24
1186;Profit-focused optimizing database;83.63
1187;Assimilated maximized website;12.9
1188;Optional coherent model;58.51
1189;Optimized actuating orchestration;36.88
1190;Cross-group bottom-line time-frame;38.18
1191;Horizontal uniform Internet solution;72.62
1192;Extended attitude-oriented collaboration;31.95
1193;User-friendly bifurcated website;69.81
1194;Enhanced tangible open architecture;74.03
1195;Managed national approach;97.77
1196;Enhanced upward-trending circuit;17.12
1197;Triple-buffered full-range encryption;36.14
1198;Down-sized executive hierarchy;64.58
1199;Balanced intangible migration;71.5
1200;Synergistic system-worthy moderator;52.41
1201;Business-focused optimal success;100.46
1202;Devolved explicit framework;34.24
1203;Inverse logistical installation;62.67
1204;Right-sized tangible collaboration;16.75
1205;Multi-lateral client-server capacity;33.7
1206;Triple-buffered full-range open architecture;92.74
1207;Streamlined didactic knowledge user;12.55
1208;Organic methodical groupware;45.46
1209;Open-source composite Graphic Interface;45.22
1210;Centralized non-volatile matrix;7.99
1211;Diverse attitude-oriented structure;57.69
1212;Implemented encompassing encoding;69.63
1213;Customer-focused client-server data-warehouse;41.99
1214;Business-focused asymmetric interface;89.64
1215;Operative multi-state data-warehouse;38.15
1216;Balanced 6thgeneration project;88.75
1217;Configurable incremental productivity;76.07
1218;Monitored heuristic throughput;72.77
1219;Pre-emptive demand-driven adapter;16.21
1220;Function-based 3rdgeneration workforce;15.9
1221;Streamlined methodical forecast;24.79
1222;Reverse-engineered regional archive;25.75
1223;Devolved contextually-based Local Area Network;36.65
1224;Seamless didactic moratorium;21.56
1225;Multi-lateral executive approach;68.17
1226;Customizable bi-directional software;16.03
1227;Configurable system-worthy frame;91.04
1228;Optional tangible secured line;29.59
1229;Customizable 6thgeneration benchmark;96.43
1230;Integrated client-driven hub;40.3
1231;Progressive motivating flexibility;93.95
1232;Universal value-added knowledgebase;80.19
1233;Exclusive optimal benchmark;56.9
1234;Object-based radical challenge;34.28
1235;Configurable zero administration moratorium;25.99
1236;Networked zero-defect info-mediaries;25.07
1237;Open-source coherent benchmark;78.97
1238;Adaptive solution-oriented extranet;77.63
1239;Open-source exuding array;45.44
1240;Persevering well-modulated secured line;54.77
1241;Cross-platform next generation extranet;81.01
1242;User-centric systemic forecast;83.75
1243;Multi-layered didactic archive;80.87
1244;Adaptive radical neural-net;35.93
1245;Operative responsive challenge;56.14
1246;Horizontal heuristic flexibility;93.12
1247;Persistent executive database;50.91
1248;Inverse client-driven monitoring;26.44
1249;De-engineered bandwidth-monitored circuit;87.79
1250;Decentralized zero-defect portal;43.8
1251;Operative tertiary complexity;96.56
1252;Sharable grid-enabled functionalities;16.19
1253;Optional explicit structure;80.14
1254;Face-to-face 24/7 moderator;72.15
1255;Horizontal didactic productivity;21.47
1256;Operative stable attitude;13.06
1257;Innovative fault-tolerant synergy;72.59
1258;Configurable empowering contingency;28.01
1259;Inverse bandwidth-monitored flexibility;65.22
1260;Team-oriented 3rdgeneration database;7.39
1261;Future-proofed modular paradigm;23.3
1262;De-engineered background encoding;57.47
1263;Managed bi-directional website;94.69
1264;Multi-layered stable alliance;34.38
1265;Innovative object-oriented initiative;91.84
1266;Extended dedicated productivity;84.22
1267;Future-proofed fresh-thinking process improvement;82.76
1268;Multi-tiered regional instruction set;92.21
1269;Multi-channeled transitional ability;26.36
1270;Enterprise-wide heuristic extranet;80.8
1271;Total composite service-desk;62.94
1272;Front-line zero-defect success;51.42
1273;Advanced logistical middleware;33.66
1274;Horizontal regional support;63.57
1275;Distributed needs-based standardization;95.2
1276;Re-contextualized executive architecture;72.28
1277;Robust zero-defect project;71.66
1278;Universal 4thgeneration emulation;90.92
1279;Polarized asymmetric project;44.57
1280;Advanced multi-state website;87.46
1281;Business-focused maximized array;48.1
1282;Balanced needs-based help-desk;49.55
1283;Reverse-engineered 5thgeneration intranet;42.48
1284;Managed systematic attitude;23.39
1285;Stand-alone homogeneous solution;18.03
1286;Organic attitude-oriented workforce;66.43
1287;Team-oriented empowering core;43.62
1288;Advanced reciprocal hardware;8.58
1289;Reverse-engineered bandwidth-monitored utilization;31.05
1290;Polarized solution-oriented capacity;66.02
1291;Total static matrices;55.56
1292;Face-to-face exuding flexibility;25.11
1293;Robust bottom-line installation;94.97
1294;Proactive tertiary project;36.32
1295;Upgradable real-time parallelism;84.43
1296;Visionary executive projection;50.43
1297;Ergonomic foreground solution;84.05
1298;Front-line value-added Graphic Interface;72.24
1299;Multi-lateral scalable Local Area Network;10.55
1300;Multi-lateral upward-trending budgetary management;30.97
1301;Front-line value-added time-frame;47.66
1302;Fully-configurable 24/7 superstructure;100.2
1303;Robust high-level structure;82.58
1304;Business-focused clear-thinking intranet;94.42
1305;Managed well-modulated data-warehouse;100.32
1306;Focused context-sensitive task-force;38.42
1307;Fully-configurable executive definition;15.43
1308;Advanced zero administration knowledgebase;93.65
1309;Horizontal mission-critical algorithm;29.09
1310;Distributed exuding matrix;8.0
1311;Reverse-engineered responsive interface;66.92
1312;Cross-group demand-driven Graphical User Interface;74.96
1313;Extended 24hour adapter;53.38
1314;Mandatory impactful superstructure;25.22
1315;Secured radical architecture;58.49
1316;Exclusive content-based implementation;43.38
1317;Vision-oriented next generation interface;94.09
1318;Reverse-engineered foreground moderator;93.13
1319;Advanced bandwidth-monitored capacity;100.46
1320;Profit-focused executive throughput;30.26
1321;Multi-channeled background instruction set;80.59
1322;Optimized systemic help-desk;76.08
1323;Down-sized zero administration Graphic Interface;31.14
1324;Cross-group uniform utilization;62.11
1325;Enterprise-wide 5thgeneration service-desk;14.75
1326;Pre-emptive client-server open architecture;58.68
1327;Organic clear-thinking encoding;93.11
1328;Right-sized real-time knowledge user;35.91
1329;Networked full-range secured line;12.03
1330;Digitized leadingedge paradigm;52.83
1331;Open-source fresh-thinking architecture;41.03
1332;Upgradable background ability;71.86
1333;Realigned human-resource software;81.89
1334;Profit-focused tertiary algorithm;65.76
1335;Compatible zero-defect Internet solution;71.37
1336;Diverse responsive implementation;61.28
1337;Total asymmetric archive;66.74
1338;Balanced foreground service-desk;8.73
1339;Organic upward-trending portal;6.39
1340;Intuitive executive groupware;83.54
1341;Down-sized client-server archive;49.32
1342;Cross-platform coherent complexity;52.13
1343;Ergonomic modular emulation;45.14
1344;Face-to-face high-level benchmark;52.02
1345;Multi-channeled object-oriented extranet;87.39
1346;Persistent full-range Graphic Interface;62.48
1347;Versatile contextually-based info-mediaries;15.27
1348;Self-enabling directional functionalities;66.11
1349;Reverse-engineered fresh-thinking protocol;92.39
1350;Organized eco-centric monitoring;13.4
1351;Sharable system-worthy frame;47.16
1352;Realigned attitude-oriented alliance;94.25
1353;Up-sized coherent circuit;6.85
1354;Customer-focused fresh-thinking capacity;82.83
1355;Triple-buffered hybrid Internet solution;40.24
1356;Horizontal 6thgeneration ability;61.04
1357;Enterprise-wide global migration;19.08
1358;Assimilated foreground interface;69.29
1359;Function-based context-sensitive infrastructure;14.28
1360;Open-source 3rdgeneration paradigm;60.51
1361;Function-based maximized project;65.23
1362;Compatible leadingedge architecture;18.34
1363;Intuitive 6thgeneration adapter;36.62
1364;Proactive bi-directional throughput;7.29
1365;Expanded secondary moratorium;69.54
1366;Right-sized responsive complexity;71.09
1367;Cloned multimedia productivity;63.21
1368;Extended eco-centric instruction set;93.32
1369;Horizontal non-volatile archive;65.6
1370;Intuitive static firmware;9.98
1371;Optional multi-state alliance;47.91
1372;Automated modular migration;89.04
1373;Business-focused optimal definition;70.36
1374;Cross-platform bi-directional customer loyalty;9.69
1375;Business-focused local orchestration;86.38
1376;Horizontal impactful utilization;93.4
1377;Ergonomic eco-centric hardware;66.64
1378;Total real-time website;86.54
1379;Open-source 5thgeneration structure;71.18
1380;Streamlined empowering software;99.9
1381;Advanced local utilization;34.08
1382;Profit-focused asymmetric challenge;8.24
1383;Sharable human-resource parallelism;14.55
1384;Open-source eco-centric function;37.95
1385;Implemented logistical capability;41.01
1386;Devolved content-based capability;92.34
1387;Centralized encompassing open architecture;26.81
1388;Ergonomic coherent hub;64.7
1389;Centralized tangible paradigm;28.77
1390;Cloned even-keeled project;92.17
1391;Future-proofed bi-directional service-desk;7.36
1392;Customizable dedicated contingency;12.21
1393;Inverse cohesive solution;22.51
1394;Upgradable tangible portal;75.14
1395;Customizable intermediate artificial intelligence;25.94
1396;Seamless user-facing website;73.27
1397;Intuitive asynchronous complexity;83.97
1398;Persistent dedicated throughput;82.14
1399;Upgradable modular pricing structure;42.64
1400;Monitored discrete superstructure;60.23
1401;Business-focused global system engine;50.68
1402;Multi-lateral mission-critical algorithm;50.66
1403;Persistent directional throughput;63.33
1404;Expanded asymmetric throughput;38.6
1405;Programmable 5thgeneration encryption;10.22
1406;Object-based 24/7 utilization;63.91
1407;Re-contextualized static moderator;14.14
1408;Advanced intermediate alliance;79.66
1409;Phased systematic flexibility;47.01
1410;Polarized static application;27.86
1411;Integrated methodical application;8.88
1412;Fundamental intangible moratorium;31.51
1413;Fundamental 3rdgeneration capability;87.3
1414;Pre-emptive 24/7 migration;69.3
1415;Public-key optimal Graphical User Interface;34.42
1416;Assimilated client-driven alliance;73.44
1417;Vision-oriented holistic task-force;75.92
1418;Horizontal contextually-based forecast;58.65
1419;Mandatory dedicated intranet;43.36
1420;Realigned bifurcated Internet solution;49.53
1421;Devolved motivating model;55.63
1422;Persistent reciprocal moderator;56.88
1423;Optional zero administration customer loyalty;51.23
1424;Re-engineered foreground functionalities;71.0
1425;Persistent clear-thinking infrastructure;61.6
1426;Re-contextualized asymmetric structure;12.77
1427;Progressive analyzing standardization;48.56
1428;Switchable actuating emulation;54.63
1429;Fundamental transitional orchestration;94.56
1430;Devolved solution-oriented frame;81.75
1431;Ameliorated multi-state Local Area Network;52.11
1432;Cross-group homogeneous middleware;10.31
1433;Operative regional Graphical User Interface;86.13
1434;Sharable modular portal;75.06
1435;Enterprise-wide secondary throughput;80.26
1436;Object-based 24hour synergy;53.28
1437;Grass-roots needs-based orchestration;65.87
1438;Programmable optimal instruction set;97.81
1439;Multi-lateral homogeneous approach;91.58
1440;Visionary eco-centric system engine;80.9
1441;Optional bandwidth-monitored extranet;55.11
1442;Grass-roots grid-enabled collaboration;92.75
1443;Multi-layered human-resource algorithm;74.66
1444;Realigned responsive middleware;16.61
1445;Self-enabling heuristic project;64.94
1446;Ergonomic 24/7 knowledgebase;83.23
1447;Balanced contextually-based concept;50.7
1448;Proactive fresh-thinking frame;96.82
1449;Enhanced bi-directional software;100.3
1450;Switchable homogeneous software;87.43
1451;Adaptive composite help-desk;35.34
1452;Open-architected regional core;72.52
1453;Decentralized background ability;9.96
1454;Vision-oriented mobile complexity;28.69
1455;Triple-buffered next generation model;48.9
1456;Compatible optimizing algorithm;15.59
1457;Synergized real-time application;16.32
1458;Digitized tangible database;26.57
1459;Future-proofed leadingedge collaboration;65.66
1460;Cross-platform intangible info-mediaries;71.29
1461;Public-key asymmetric groupware;26.07
1462;Advanced actuating projection;95.72
1463;Grass-roots hybrid help-desk;58.17
1464;Stand-alone demand-driven infrastructure;64.08
1465;Right-sized 24/7 productivity;10.16
1466;Robust 24hour concept;28.58
1467;Team-oriented bi-directional function;41.02
1468;Switchable value-added extranet;58.36
1469;Open-source actuating capacity;46.84
1470;Function-based systematic neural-net;72.78
1471;Fundamental homogeneous focus group;81.48
1472;Customer-focused 24/7 conglomeration;26.36
1473;De-engineered encompassing product;94.24
1474;Extended explicit workforce;48.48
1475;Profound 4thgeneration collaboration;30.78
1476;Cross-platform reciprocal extranet;30.19
1477;Ergonomic value-added interface;20.38
1478;Up-sized optimal flexibility;80.94
1479;Pre-emptive context-sensitive conglomeration;70.88
1480;Realigned intermediate approach;49.23
1481;User-friendly hybrid throughput;85.55
1482;Compatible asynchronous utilization;7.78
1483;Business-focused optimal array;59.42
1484;Up-sized motivating process improvement;15.84
1485;Re-engineered encompassing customer loyalty;58.28
1486;Enterprise-wide mission-critical conglomeration;84.47
1487;Reverse-engineered responsive Graphical User Interface;62.6
1488;Networked responsive neural-net;10.6
1489;Multi-tiered multi-state function;66.11
1490;Advanced 24hour Graphical User Interface;60.83
1491;Streamlined executive firmware;25.13
1492;Robust holistic customer loyalty;21.21
1493;Operative global ability;48.48
1494;Triple-buffered zero tolerance data-warehouse;89.65
1495;Visionary 24/7 Graphical User Interface;15.89
1496;Centralized bi-directional access;25.75
1497;Programmable reciprocal moratorium;69.29
1498;Open-architected solution-oriented interface;66.74
1499;Robust bottom-line product;20.96
1500;Reduced reciprocal hierarchy;81.0
